base,score,prominence,width,rank
43.79139827965593,0.7949210645505121,0.11848376646666248,0.06833366673334496,1
24.93130626125225,0.1347621527564691,0.11323392210525901,0.09761952390478257,2
6.051690338067614,0.1213005031381529,0.0985215381334806,0.048809761952391284,3
31.48157631526305,0.1398036419316893,0.08309720551890859,0.11714342868573624,4
9.70266053210642,0.1030289683297583,0.07820327391523571,0.04880976195238951,5
2.390958191638328,0.0977441922562799,0.0777399126898109,0.019523904780955892,6
14.964352870574114,0.1019470486968319,0.07523100689341909,0.08785757151430218,7
20.196759351870373,0.1637605547268159,0.07032594345420859,0.30262052410482454,8
9.761232246449287,0.094756673454001,0.0699309790394784,0.02928585717143406,9
31.16919383876775,0.1197688921367757,0.063062455723995,0.08785757151430573,10
11.450050010001998,0.0862390531684624,0.06047487036523061,0.06833366673334673,11
42.200200040008,0.0810889710393836,0.059809007433086,0.7614322864572927,12
43.87925585117024,0.7350308107805142,0.058593512696664574,0.029285857171430507,13
2.0590518103620723,0.074102288538711,0.0564170304717523,0.019523904780956336,14
3.074294858971794,0.0787954756522554,0.0554486753577504,0.019523904780956336,15
5.963832766553311,0.0781777952374686,0.05539883023279629,0.048809761952390396,16
18.05889177835567,0.1065829226225685,0.05495055897954879,0.019523904780957224,17
34.73230646129226,0.0738804124867345,0.050200765888420505,0.07809561912381469,18
2.7131026205241047,0.0692383720819414,0.0498205751352588,0.019523904780956336,19
3.679535907181436,0.07730036288961,0.04738159064604559,0.019523904780956336,20
17.521984396879375,0.0725008584601023,0.0465077936836044,0.019523904780957224,21
4.382396479295859,0.0609667644271552,0.0451166795773317,0.019523904780955448,22
33.687777555511104,0.0702103587741804,0.045103749625665504,0.11714342868573624,23
15.59887977595519,0.0633561541106125,0.0447034761531564,0.06833366673334673,24
10.53242648529706,0.0641901980835651,0.0446385746064033,0.029285857171435836,25
1.600240048009602,0.0687017436623649,0.04287115593621539,0.019523904780956114,26
5.905261052210442,0.0599788122518578,0.0423496794399103,0.02928585717143406,27
4.519063812762552,0.0826314542908548,0.04199341960127831,0.019523904780956336,28
27.674414882976592,0.0713733167460982,0.041176499199187505,0.20500100020004197,29
6.510502100420084,0.0611244465628788,0.0403838420357354,0.03904780956191356,30
2.84000800160032,0.0661744601055594,0.0399099207873482,0.019523904780956336,31
4.02120424084817,0.0599012896483002,0.0384371045581146,0.02928585717143406,32
8.492178435687137,0.0573366468537294,0.0381587303191859,0.029285857171435836,33
19.79651930386077,0.060791068008617,0.037892292967474095,0.1561912382476507,34
48.93594718943789,0.0708316005444655,0.035804475066702195,0.2635727145429101,35
11.986957391478294,0.0652751360629563,0.035685035398368904,0.019523904780955448,36
44.04520904180836,0.056599935350775,0.0352721024913021,0.31238247649529427,37
3.201200240048009,0.0636149899798912,0.034788218157252505,0.019523904780956336,38
8.824084816963392,0.0538290900239402,0.0344693069194092,0.019523904780957224,39
9.009561912382477,0.0560679486980406,0.0340586942153438,0.02928585717143406,40
2.732626525305061,0.0489221758122911,0.0339526979664223,0.019523904780956336,41
15.34506901380276,0.0566388776423956,0.0335313613313896,0.029285857171432284,42
4.84120824164833,0.0578944770354619,0.03248609597662169,0.019523904780957224,43
2.947389477895579,0.0643971700966559,0.0322434460892865,0.019523904780956336,44
3.943108621724345,0.0662733462418828,0.032051338356611905,0.019523904780956336,45
4.9095419083816765,0.0546165608584872,0.0318537352878114,0.02928585717143406,46
5.749069813962793,0.0481131165149123,0.031004002455709598,0.019523904780956336,47
6.080976195239048,0.0554907431118483,0.030915800720572095,0.019523904780955448,48
5.007161432286457,0.0517858422084227,0.0302288168548934,0.02928585717143406,49
7.008361672334467,0.0475685981059507,0.029962717002594605,0.019523904780956336,50
4.802160432086417,0.0467043708140038,0.028013468010339496,0.02928585717143406,51
20.77271454290858,0.0543182778025257,0.027406055584451396,0.1757151430286079,52
2.986437287457491,0.052160171589768,0.026436082390668796,0.03904780956191267,53
3.386677335467093,0.0499718298911911,0.0263752503923317,0.02928585717143406,54
1.4635727145429085,0.0415430382002894,0.0260221785464044,0.03904780956191245,55
14.77887577515503,0.0479345735347128,0.025844302018577105,0.13666733346669346,56
43.693778755751154,0.5624904298467424,0.024832378250770004,0.019523904780960777,57
6.490978195639128,0.045320688049477,0.024580083522333596,0.019523904780956336,58
4.8802560512102415,0.0509253798174083,0.0244440358552662,0.02928585717143406,59
3.3378675735147025,0.0480003084630351,0.0244037289641757,0.03904780956191223,60
13.841728345669132,0.0554739422719334,0.024147160867671297,0.019523904780957224,61
7.886937387477495,0.055405928752672,0.0241332104810858,0.02928585717143406,62
1.3561912382476495,0.0441626977623885,0.0240743709250864,0.019523904780956336,63
45.35331066213243,0.044471244475497,0.023986518380775503,0.7907181436287232,64
4.968113622724545,0.0466959685388497,0.0239412447999878,0.019523904780956336,65
5.641688337667533,0.0439909363060221,0.0239397926662163,0.03904780956191267,66
10.22004400880176,0.0475926800139582,0.023524678622637202,0.019523904780957224,67
1.6978595719143827,0.041860472907029,0.023466781642065004,0.029285857171434282,68
2.752150430086017,0.0354212996181339,0.023080955365136303,0.029285857171433616,69
5.114542908581716,0.0551589326175346,0.023056101655002,0.019523904780956336,70
17.59031806361272,0.0490100569563184,0.023016992179820502,0.06833366673334851,71
2.3421484296859374,0.046329080499504,0.022995757009374302,0.019523904780956336,72
5.085257051410282,0.0419583062946519,0.0228681470706019,0.019523904780956336,73
6.198119623924785,0.0467776001068815,0.022786502853179298,0.02928585717143406,74
11.967433486697338,0.0521724411306656,0.022582340466078203,0.029285857171432284,75
4.616683336667333,0.0434116185176267,0.021350108774737097,0.01952390478095456,76
3.7673934786957393,0.0421911827214497,0.021324974218929798,0.019523904780956336,77
3.181676335267053,0.0382460577674928,0.0207894690652644,0.01952390478095678,78
10.503140628125625,0.0402202568244816,0.020668633347319797,0.01952390478095367,79
10.288377675535106,0.0564939453831866,0.020656508536465397,0.029285857171432284,80
8.648369673934786,0.0409340509818889,0.020629490918692803,0.02928585717143406,81
17.463412682536507,0.0414295553999114,0.0205332743331065,0.1073814762952594,82
34.03920784156831,0.0436782837130053,0.020489725976527397,0.1366673334666899,83
3.5135827165433087,0.0384701896390299,0.020285705987657502,0.029285857171434948,84
14.359111822364472,0.0383726802122061,0.0200453364009241,0.029285857171435836,85
1.902860572114423,0.0438417586233065,0.0200399165575548,0.019523904780956114,86
5.339067813562712,0.0528321288938412,0.020002321344182804,0.019523904780956336,87
2.8888177635527104,0.0460319326414049,0.0197673933231937,0.029285857171434504,88
5.397639527905581,0.038346225798435,0.019517852097978003,0.02928585717143406,89
7.223124624924985,0.0536953309772945,0.0193105735883531,0.02928585717143406,90
24.736067213442688,0.0393858189746637,0.0193100727546465,0.09761952390477902,91
2.000480096019204,0.040240300950508,0.019281525090443997,0.029285857171434504,92
2.6057211442288457,0.0493181019498329,0.018992258528670602,0.019523904780955892,93
11.08885777155431,0.0457431332931498,0.0189479270670676,0.029285857171437613,94
8.199319863972795,0.0420458397829257,0.018854619542091697,0.02928585717143406,95
13.65625125025005,0.0370876292755575,0.018836589776170996,0.048809761952391284,96
7.925985197039408,0.0499607985300901,0.018688080258503895,0.03904780956191267,97
32.252770554110825,0.0349718397815443,0.0185980625098296,0.19523904780956514,98
5.417163432686538,0.0423788605850387,0.018450397247912403,0.02928585717143406,99
22.56891378275655,0.0346741827292965,0.018358244697559804,0.029285857171430507,100
39.99399879975995,0.0479693558352705,0.018352349094180296,0.1854770954190812,101
6.637407481496299,0.0652942962442,0.018343338894865398,0.019523904780956336,102
18.244368873774757,0.0371113445082005,0.0182765608080432,0.06833366673334496,103
10.961952390478094,0.0351004376980777,0.018197588652608,0.019523904780955448,104
2.2542908581716343,0.0351333536820342,0.0181915635007333,0.019523904780955892,105
14.271254250850168,0.0362611342207119,0.0181828297088143,0.039047809561910896,106
4.2457291458291655,0.0409125094845245,0.018065376467411895,0.019523904780956336,107
23.95511102220444,0.044681528299017,0.0179969566141803,0.3123824764952978,108
9.81004200840168,0.0383229668275647,0.0178258336947215,0.01952390478095367,109
13.23648729745949,0.0320073252173384,0.0173516221571544,0.06833366673334673,110
30.14418883776755,0.0416649184297994,0.017234514268478,0.1854770954190812,111
1.6685737147429485,0.0356190732950947,0.0172253820301307,0.029285857171434282,112
4.743588717743548,0.0333933737222791,0.017113741624487103,0.019523904780956336,113
8.58003600720144,0.037402084591268,0.0170975245280719,0.019523904780955448,114
26.41512302460492,0.0499310438447962,0.017039262858959403,0.07809561912382534,115
9.468373674734949,0.0360988023393797,0.017023809766230996,0.02928585717143406,116
11.576955391078217,0.0509556753020338,0.0168875570357188,0.02928585717143406,117
7.037647529505901,0.033700969872217,0.016786581595037996,0.03904780956191267,118
10.864332866573314,0.039735322980945,0.0167644859401227,0.04880976195238951,119
5.6026405281056215,0.0367003689025461,0.0166492252627403,0.019523904780956336,120
5.270734146829366,0.0389654012044037,0.016642659836773897,0.019523904780956336,121
2.2738147629525907,0.0321568464627793,0.016239360555887896,0.03904780956191267,122
23.418203640728144,0.0394828223733539,0.016123951560792098,0.019523904780957224,123
1.7369073814762952,0.0354060364610492,0.0160766039583391,0.03904780956191223,124
30.339427885577116,0.042342465141958,0.015471913115765096,0.06833366673335206,125
38.041608321664334,0.0374660814406948,0.015359293382626097,0.16595319063812752,126
35.95255051010202,0.0335368242033872,0.015192925890220602,0.17571514302860436,127
10.649569913982797,0.0398994581049163,0.015037080244701295,0.05857171434286812,128
4.099299859971994,0.1212051205185227,0.014956954641351591,0.019523904780956336,129
10.180996199239846,0.0369089452758663,0.0148873141989062,0.01952390478095367,130
10.913142628525703,0.0377579391399174,0.0147871020990951,0.02928585717143406,131
17.14126825365073,0.040749078448845,0.014639763426953396,0.048809761952391284,132
1.629525905181036,0.0293014282357713,0.0145904019188306,0.019523904780956114,133
7.789317863572714,0.0323188759509663,0.014520917685974702,0.03904780956191267,134
16.194358871774355,0.0335882870260036,0.014403408241528803,0.02928585717143406,135
11.821004200840166,0.0392978760425455,0.014392183807959699,0.019523904780955448,136
7.340268053610722,0.0430733851584108,0.014338885158649096,0.029285857171434948,137
14.407921584316862,0.0323852389442267,0.014057895132944701,0.019523904780955448,138
5.192638527705541,0.0335209725723073,0.013620261993913002,0.019523904780955448,139
19.366993398679732,0.0370302431940555,0.013598312862739097,0.09761952390478967,140
6.403120624124825,0.041538540466477,0.013567010295580103,0.03904780956191267,141
16.145549109821964,0.0432576770869415,0.013537408506507496,0.08785757151430218,142
6.432406481296259,0.0414768865254565,0.013505356354559604,0.019523904780955448,143
1.7661932386477297,0.0327868329769854,0.013457400474275297,0.019523904780956558,144
22.42248449689938,0.0294836968904645,0.013167758858727802,0.1073814762952594,145
16.56531306261252,0.047376908860307,0.013136717719677102,0.048809761952391284,146
2.322624524904981,0.036381105463564,0.013047781973434296,0.019523904780955892,147
7.71122224444889,0.0455015253246026,0.013035965271197304,0.029285857171434948,148
14.076015203040606,0.0481208853526467,0.013026103157414898,0.029285857171430507,149
4.714302860572114,0.0292277545304755,0.0129481224326835,0.02928585717143406,150
6.715503100620124,0.0437593006350623,0.012941702168331404,0.019523904780956336,151
1.3366673334666932,0.0374370113353652,0.012927417893521101,0.019523904780956114,152
3.132866573314663,0.0343044994436284,0.0126432093783082,0.019523904780956336,153
2.146909381876375,0.02850437228734,0.012553772042531,0.029285857171434504,154
23.28153630726145,0.029907705945085,0.012498881382131,0.13666733346669346,155
8.687417483496699,0.03109642118509,0.012444228692749502,0.019523904780957224,156
5.563592718543709,0.0285108757776877,0.0124196985375911,0.019523904780956336,157
8.375035007001399,0.0420285995121457,0.0123625059117853,0.02928585717143406,158
3.562392478495699,0.0418924835002464,0.012357066899235002,0.02928585717143406,159
4.226205241048209,0.0351286151823194,0.012281482165206796,0.019523904780956336,160
40.64804960992198,0.0441198639397758,0.012196998518471502,0.38071614322864633,161
2.469053810762152,0.0296562755102831,0.012011521389990398,0.019523904780955892,162
3.66001200240048,0.0417806054135839,0.0118618331700195,0.019523904780955448,163
15.208401680336063,0.0280015712333253,0.0118342679878682,0.019523904780955448,164
17.2876975395079,0.0330089790244289,0.011798839575989196,0.05857171434286812,165
41.29233846769354,0.0474464526957682,0.011743985996979497,0.20500100020003487,166
7.096219243848769,0.0286220889892188,0.0117077007120398,0.03904780956191267,167
1.980956191238248,0.032612389766084,0.011653613906019999,0.019523904780956336,168
8.970514102820564,0.0335747004009573,0.0115654459182605,0.019523904780955448,169
12.514102820564112,0.0324786024864678,0.0114769865268253,0.07809561912382534,170
11.1376675335067,0.0418914477312837,0.011296742408893497,0.04880976195238951,171
18.42984596919384,0.0340929611509337,0.011255920815283801,0.09761952390478257,172
12.172434486897378,0.0401817351981619,0.0112471975620538,0.0780956191238289,173
4.440968193638728,0.0285190970765359,0.011225816220197898,0.019523904780956336,174
20.860572114422883,0.0674697691151591,0.011119199201932703,0.03904780956191445,175
15.159591918383676,0.0290673349730585,0.011043206937555498,0.019523904780959,176
28.738467693538706,0.0470520129961226,0.010977943266228099,0.1073814762952594,177
3.5819163832766554,0.04159040994844,0.0109159948605087,0.019523904780956336,178
27.391318263652728,0.0293831262668487,0.010906813134088797,0.08785757151430218,179
1.7954790958191638,0.0324220473884187,0.010837339748650202,0.019523904780955892,180
7.135267053410682,0.029220864647389,0.0108249381621997,0.039047809561911784,181
2.185957191438288,0.0276370137765261,0.010782408631197098,0.01952390478095678,182
1.8735747149429884,0.0345761366584927,0.010774294592740999,0.019523904780955892,183
36.606601320264055,0.0384821344366222,0.010647341071374397,0.43928785757151445,184
22.93010602120424,0.0278975147663924,0.0106437814533498,0.08785757151430573,185
13.08029605921184,0.0366055582029139,0.010579115124177398,0.048809761952391284,186
2.68381676335267,0.0330883569295892,0.010542394212454398,0.019523904780956336,187
5.475735147029406,0.0343736255334478,0.010516163798100896,0.02928585717143406,188
23.07653530706141,0.0277590783032447,0.0105053449902021,0.18547709541907764,189
28.953230646129224,0.0337466746585073,0.010322772654055103,0.039047809561910896,190
2.927865573114623,0.0277175627386656,0.010233317522178497,0.019523904780956336,191
2.810722144428886,0.0271573330160905,0.010151374410330899,0.029285857171434504,192
1.219523904780956,0.0354604874011296,0.010049005271255202,0.019523904780956336,193
6.656931386277256,0.0568132101050344,0.009862252755699803,0.02928585717143406,194
5.817403480696139,0.0422120061111322,0.009813705901126596,0.019523904780956336,195
11.781956391278255,0.0274932714592048,0.0097178066082803,0.02928585717143406,196
1.5416683336667334,0.0365846815992902,0.009704075219787,0.019523904780955892,197
2.9669133826765357,0.0418561051188519,0.0097023811114825,0.019523904780955892,198
16.243168633726746,0.0415337104280763,0.0092844400418182,0.02928585717143406,199
19.249849969994,0.042131774260498,0.009220244070228603,0.039047809561918,200
2.205481096219244,0.028889176891022,0.009202751870943798,0.029285857171434504,201
1.5611922384476895,0.0359134353498702,0.009032828970367002,0.029285857171434504,202
12.82648529705941,0.0377231157414514,0.009010926241681903,0.019523904780957224,203
14.642208441688336,0.0366783073827283,0.0089136457703127,0.07809561912382357,204
12.846009201840369,0.0390867096960328,0.008913521096152798,0.019523904780957224,205
8.277415483096618,0.0399954751300124,0.0088933923141877,0.02928585717143406,206
10.093138627725544,0.0300471708339647,0.0087932168745813,0.05857171434286812,207
27.762272454490898,0.0388243078663939,0.008778473002338104,0.02928585717143406,208
4.694778955791158,0.0280876557114279,0.0087349702049422,0.019523904780956336,209
1.2390478095619124,0.0283444477615708,0.008654276219705402,0.019523904780956114,210
14.16387277455491,0.0437335374589429,0.0086387552637111,0.05857171434286812,211
3.845489097819564,0.0413949220553768,0.008592992902507104,0.019523904780955448,212
4.284776955391078,0.0274778053532079,0.0085110054761596,0.03904780956191267,213
5.055971194238848,0.0300218183103747,0.008477879654886701,0.02928585717143406,214
1.307381476295259,0.0329851314861066,0.008475538044262501,0.019523904780956114,215
18.761752350470093,0.027194175501971,0.008443045060689502,0.048809761952391284,216
8.726465293058611,0.0342428025121363,0.008418920215086903,0.019523904780957224,217
8.01384276855371,0.0370304179419409,0.008310479107798703,0.019523904780957224,218
3.1035807161432283,0.0316040676743406,0.008257267379835596,0.029285857171434504,219
9.85885177035407,0.0270334722634934,0.008240486290221099,0.029285857171435836,220
10.385997199439888,0.0316675579931028,0.0081789551093428,0.06833366673334673,221
13.011962392478496,0.034328870444907,0.008164389392543,0.039047809561910896,222
21.787957591518303,0.0273509735115073,0.008047651400335597,0.07809561912382534,223
15.725785157031403,0.0326562292549071,0.007936863765660697,0.03904780956191267,224
7.857651530306061,0.0319051300096238,0.007817708521295399,0.019523904780955448,225
6.969313862772554,0.0296083773193032,0.0077495683472986986,0.019523904780955448,226
3.7088217643528703,0.0333744970716033,0.007638167819326604,0.019523904780955892,227
1.522144428885777,0.0273853785291851,0.0075450341454565,0.019523904780956336,228
39.232566513302665,0.0297283167463552,0.0074696641642178,0.25381076215242615,229
7.115743148629726,0.0258219580991712,0.007426031613981903,0.019523904780956336,230
11.537907581516302,0.0382098193645293,0.007392131298341802,0.02928585717143406,231
3.2792958591718344,0.0388604271691417,0.007299596906492595,0.019523904780956336,232
5.134066813362672,0.0393476293717078,0.007244798409175197,0.019523904780956336,233
1.2585717143428683,0.0245345503690242,0.0070520415454145,0.029285857171434282,234
4.167633526705341,0.0364297965286279,0.0070081048861966,0.03904780956191267,235
2.4983396679335863,0.0305177413993405,0.007000461160022498,0.019523904780956336,236
7.828365673134627,0.0310874706889861,0.0070000492006577,0.019523904780956336,237
29.822044408881773,0.0451317252236955,0.0069555773264248985,0.05857171434286812,238
2.5861972394478894,0.0372261382414681,0.0069002948203058,0.019523904780955448,239
21.446289257851568,0.0339828085578802,0.006825656412192096,0.05857171434286812,240
7.994318863772754,0.0380029028808122,0.006764315932697999,0.019523904780955448,241
2.449529905981196,0.0266758356946542,0.0067273678063612015,0.029285857171434504,242
10.991238247649529,0.0334562020559793,0.006660995829897102,0.07809561912382534,243
15.413402680536104,0.029610950859063,0.006503434548056998,0.02928585717143406,244
4.675255051010202,0.0260921361619483,0.006481235895365499,0.019523904780956336,245
9.370754150830164,0.0419545266286836,0.006450600274054995,0.019523904780957224,246
2.234766953390678,0.0261229962605097,0.0064365712404315,0.019523904780955892,247
3.6112022404480895,0.036965238181179,0.006290823093247699,0.019523904780955004,248
26.97155431086217,0.0220973101740532,0.0062169363609067,0.07809561912382534,249
42.951870374074815,0.0802089641627676,0.006194856984374997,0.1854770954190954,250
13.480536107221443,0.0272361249688918,0.0061831282303977005,0.019523904780957224,251
3.923584716943388,0.0403322021599972,0.0061101942747263036,0.019523904780956336,252
17.707461492298457,0.023714517728936,0.006049767589219001,0.019523904780957224,253
30.57371474294859,0.0320241891333332,0.006021978073340699,0.02928585717143406,254
3.4940588117623523,0.0242062083642516,0.006021724712879203,0.02928585717143406,255
13.812442488497698,0.0372855028583448,0.005958721454082702,0.02928585717143406,256
9.644088817763553,0.0459311152269993,0.005858268884162902,0.02928585717143406,257
6.276215243048609,0.0298084740847947,0.0058173768310924995,0.048809761952390396,258
23.652490498099617,0.05059322591953,0.0058106850325835985,0.07809561912382534,259
1.9516703340668131,0.0258628651005637,0.005748105758038399,0.029285857171434504,260
3.884536907381477,0.0255823338747804,0.005737425497693901,0.029285857171434948,261
10.688617723544708,0.0278753650739407,0.005632837877479001,0.06833366673334851,262
17.941748349669933,0.0571926008699762,0.005560237226956498,0.10738147629525585,263
45.79259851970394,0.0288662791913165,0.005484780501791298,0.1561912382476507,264
2.63500700140028,0.0281192550775871,0.005477924824363798,0.019523904780955892,265
7.515983196639327,0.03166978851104,0.005348909981148099,0.019523904780956336,266
8.160272054410882,0.0289928504273614,0.0053486725316511,0.019523904780955448,267
5.778355671134227,0.0336561766910157,0.0053458272776499005,0.019523904780955448,268
14.027205441088215,0.0401147008976308,0.005341300195677898,0.04880976195238951,269
4.499539907981596,0.0459037540439871,0.0052657193544106,0.019523904780955448,270
4.138347669533907,0.0437080144064563,0.005222138574954405,0.019523904780956336,271
8.130986197239448,0.0299801692970526,0.0051524384431029,0.019523904780955448,272
13.168153630726144,0.0421853249791066,0.005125593003325796,0.01952390478095367,273
7.642888577715543,0.0310575840597811,0.005101487633568599,0.019523904780957224,274
7.301220244048809,0.0267198394892144,0.005092141949930899,0.019523904780956336,275
8.755751150230045,0.0308923002739108,0.005068417976861403,0.07809561912382357,276
9.321944388877776,0.0405025849792206,0.004998658624591999,0.04880976195239306,277
7.408601720344069,0.0306987055352725,0.0048513457648258,0.019523904780955448,278
6.57883576715343,0.0240664286585989,0.004744991278124298,0.029285857171434948,279
6.881456291258251,0.0291626278612381,0.004734211386269102,0.03904780956191267,280
4.079775955191038,0.1109398165701354,0.004691650692964289,0.019523904780955448,281
5.680736147229446,0.0403428364906436,0.0046652164186518005,0.019523904780956336,282
6.813122624524905,0.0281291008368999,0.004636303680313002,0.019523904780956336,283
2.088337667533507,0.0303435941253072,0.004586521410107899,0.019523904780955892,284
14.544588917783557,0.0417478516625283,0.004569586454188097,0.02928585717143406,285
5.358591718343669,0.0373744806656313,0.004544673115972904,0.019523904780955448,286
2.420244048809762,0.0245035875273973,0.0044993079609283,0.019523904780955892,287
4.5483496699339865,0.0299576583433895,0.0044873538819276,0.019523904780956336,288
3.2988197639527908,0.0360479923896742,0.004487162127025095,0.019523904780956336,289
2.547149429885977,0.0206686799584861,0.004479396048557297,0.01952390478095678,290
10.249329865973191,0.0402485137725541,0.004411076925832896,0.039047809561910896,291
19.04484896979396,0.0198112089779922,0.004381129309507901,0.05857171434286812,292
37.34850970194039,0.0383588012485914,0.004354946604533699,0.11714342868573624,293
14.573874774954987,0.0321723586200271,0.004351491845440897,0.05857171434286812,294
18.6250850170034,0.026703488019098,0.004156848968768199,0.12690538107621308,295
25.68297659531906,0.0286806889066497,0.004108231236126501,0.039047809561910896,296
8.335987197439488,0.0352045858835856,0.004102503067760898,0.02928585717143406,297
42.66877375475095,0.0742068084033723,0.0040561654166306055,0.06833366673333785,298
45.43140628125625,0.023835063051556,0.0039341580541945,0.11714342868573624,299
2.566673334666933,0.0221194174664001,0.0039056776288677007,0.019523904780956336,300
38.5004200840168,0.0285312942987999,0.0038771546363114,0.2733346669333869,301
16.282216443288657,0.0360381035384659,0.0037888331522078003,0.02928585717143406,302
8.863132626525305,0.0239533223229053,0.003734436255325598,0.02928585717143406,303
9.95647129425885,0.0421322236477223,0.003719473418142903,0.02928585717143406,304
12.738627725545108,0.0214499792316956,0.0037032579872351007,0.12690538107621308,305
3.640488097619524,0.0310800823416367,0.0036784536494850993,0.019523904780956336,306
36.14778955791159,0.0315015585762759,0.0036667652110281,0.2147629525905188,307
5.700260052010402,0.03932613287942,0.0036485128074282003,0.019523904780956336,308
1.4342868573714742,0.0220853576584523,0.0036475374170575996,0.029285857171434282,309
3.2500100020004004,0.0299411478434101,0.0036193123273435997,0.019523904780956336,310
5.836927385477096,0.0414935292772878,0.0035298029481567947,0.019523904780956336,311
6.159071814362872,0.0215775015662831,0.0034941619982197976,0.02928585717143406,312
9.077895579115822,0.0223296443917516,0.0034459492936183,0.03904780956191445,313
12.045529105821164,0.0280159551874499,0.0034094038863865007,0.039047809561910896,314
15.921024204840966,0.0248218635578545,0.0033959384529525967,0.04880976195238951,315
12.88505701140228,0.0334800066839748,0.0033068180840948,0.029285857171432284,316
21.963672734546908,0.0194832662048962,0.0032839868251716003,0.02928585717143406,317
5.319543908781756,0.028404695140818,0.003282447368765099,0.019523904780956336,318
11.889337867573513,0.0256211821817529,0.0032584731203848007,0.019523904780955448,319
35.68897779555911,0.0216507142746638,0.0032480664948014992,0.1854770954190812,320
22.295579115823163,0.0226868898295681,0.003228404990017201,0.07809561912382179,321
4.118823764752951,0.0668756962067607,0.0031637218919478016,0.019523904780956336,322
9.995519103820763,0.0216038022667304,0.0031582443523145015,0.039047809561910896,323
15.813642728545709,0.0278491400364422,0.003129774547195801,0.019523904780955448,324
20.09913982796559,0.0965495108965062,0.003114899623898895,0.01952390478095367,325
6.910742148429686,0.0275064581854577,0.0030780417104886992,0.019523904780956336,326
15.999119823964792,0.0326565276195397,0.0029362590391057014,0.06833366673334673,327
7.740508101620324,0.0353802341576103,0.0029146741042050048,0.019523904780955448,328
5.241448289657932,0.0255663443970658,0.002886064681313201,0.019523904780955448,329
5.856451290258051,0.0408353534610923,0.0028716271319612977,0.019523904780956336,330
2.9083416683336667,0.0274492058236864,0.002758852245081801,0.019523904780955892,331
13.421964392878577,0.0237041833168346,0.0026511865783405003,0.12690538107621308,332
37.582796559311866,0.0366153847237019,0.0025948726955108,0.029285857171437613,333
26.122264452890576,0.0354806858277391,0.002588904841902301,0.11714342868573624,334
16.52626525305061,0.0338668577201912,0.002540744934537799,0.029285857171437613,335
32.653010602120425,0.0343181638935304,0.0025397909358171045,0.12690538107621308,336
3.230486097219444,0.0313632638880113,0.0025364920653725975,0.019523904780956336,337
13.744108821764351,0.0219119112514894,0.002510679614352203,0.03904780956191267,338
42.50282056411282,0.0310335307120788,0.0025022738132206984,0.09761952390478257,339
4.597159431886377,0.0245285070124328,0.002466997269543199,0.029285857171435836,340
6.344548909781956,0.033276920870189,0.0024336658813405992,0.019523904780956336,341
9.165753150630126,0.02531331147296,0.0023672826085144004,0.019523904780957224,342
1.834526905381076,0.0239197336449879,0.0023350260052193983,0.019523904780956336,343
21.309621924384874,0.0294732726457755,0.0023161205000874,0.08785757151430573,344
17.024124824964993,0.0284179469594278,0.0023086319375362,0.11714342868573624,345
11.196239247849569,0.0365220422152032,0.0022710610826314967,0.02928585717143406,346
10.669093818763752,0.0270958137680567,0.0022334359078417,0.019523904780955448,347
5.221924384876975,0.0249053123344912,0.0022250326187386003,0.019523904780956336,348
29.44132826565313,0.0403998990361076,0.0022237511388370004,0.22452490498099564,349
9.517183436687336,0.0344199551218773,0.002206306984916105,0.039047809561910896,350
5.524544908981796,0.0263822261061128,0.0022047442687465023,0.019523904780955448,351
33.54134826965393,0.0272614544878072,0.002154845339292298,0.09761952390478967,352
19.728185637127424,0.0250430373967542,0.0021442623556112983,0.03904780956191445,353
37.24112822564513,0.0283064672076489,0.0020688400903341,0.1073814762952594,354
8.53122624524905,0.0220710601418892,0.0020559556141757987,0.02928585717143406,355
3.825965193038608,0.0348266895784215,0.0020247604255518026,0.019523904780956336,356
48.11594318863773,0.0200995798885913,0.0020075204135474,0.1854770954190812,357
26.795839167833563,0.0375898982576842,0.001988086188102499,0.03904780956191445,358
2.1078615723144627,0.0277311965771709,0.0019741238619715995,0.029285857171434504,359
4.060252050410082,0.0260120330766326,0.001966339684038001,0.019523904780956336,360
8.101700340068014,0.0267588072209036,0.0019310763669539016,0.019523904780955448,361
6.608121624324865,0.0431154588948514,0.0019010110654900936,0.019523904780956336,362
25.27297459491898,0.0326090675255243,0.0017949212227277023,0.11714342868573979,363
7.281696339267853,0.0356266816651022,0.001758696189908003,0.03904780956191267,364
9.565993198639728,0.0339703338675113,0.0017566857305501005,0.029285857171437613,365
6.832646529305861,0.0252463984681958,0.0017536013116089023,0.019523904780957224,366
31.95991198239648,0.0192192883653195,0.0017327686243608018,0.30262052410482454,367
18.869133826765356,0.0204004024385464,0.0017303887694358998,0.21476295259051525,368
10.4250450090018,0.0252076464753896,0.0017190435916295994,0.029285857171435836,369
14.446969393878774,0.0388962194622168,0.001717954253876601,0.03904780956191267,370
4.343348669733946,0.0206830679398395,0.0017162680627911993,0.02928585717143406,371
11.713622724544908,0.0627773007892352,0.001679408036569699,0.01952390478095367,372
8.453130626125224,0.0167523179392022,0.0016402204479650014,0.03904780956191267,373
12.133386677335466,0.0305713032409094,0.0016367656048013011,0.03904780956191267,374
16.379835967193436,0.0299808340525543,0.0016217323840047974,0.048809761952391284,375
9.214562912582515,0.0214782629417147,0.0016107235825505994,0.02928585717143406,376
47.676655331066215,0.0179531294508678,0.001581035460536201,0.5954790958191651,377
20.557951590318066,0.0411788522586928,0.0015269424094803002,0.01952390478095367,378
15.44268853770754,0.0176954183637665,0.0015079108508030993,0.01952390478095367,379
3.04500900180036,0.0192352748755758,0.001453385530931401,0.01952390478095678,380
11.28409681936387,0.0311906193262351,0.001444711627423701,0.02928585717143406,381
37.690178035607126,0.0353951634650908,0.0013746514368997015,0.08785757151430573,382
25.52678535707141,0.0185386107915492,0.001368102763754403,0.06833366673334851,383
2.3616723344668933,0.0183187979348634,0.0013357527962656983,0.019523904780956336,384
4.6362072414482896,0.0205785143860279,0.0013320701054354012,0.019523904780956336,385
6.129785957191438,0.0258699200243619,0.0012949776330856977,0.048809761952390396,386
17.65865173034607,0.0269954628472445,0.001285075207843902,0.02928585717143406,387
34.89825965193039,0.0795325042250338,0.0012760921035727957,0.07809561912382179,388
17.795319063812762,0.0233661232052397,0.0012418221231524987,0.08785757151430218,389
13.59767953590718,0.0194800015921741,0.0012289620927876006,0.039047809561910896,390
29.119183836767352,0.0189203173014683,0.0012250499101172999,0.11714342868573979,391
10.815523104620922,0.0252470595703764,0.0012049013556622024,0.02928585717143406,392
11.352430486097218,0.0308853289808117,0.0011394212820002997,0.03904780956191267,393
25.19487897579516,0.031939258572444,0.0011251122696473992,0.039047809561910896,394
9.136467293458692,0.0240495430396881,0.001103514175242501,0.02928585717143406,395
35.171594318863775,0.0250909917753074,0.001068479950286201,0.15619123824764358,396
11.24504900980196,0.035318190139437,0.0010672090068652995,0.019523904780957224,397
13.949109821964392,0.0358331198015004,0.0010597190995474959,0.029285857171437613,398
33.102060412082416,0.020766232332224,0.0010471388430615992,0.1073814762952594,399
21.016763352670534,0.0573837193555605,0.001033149442334097,0.07809561912382179,400
34.23444688937788,0.024210178045684,0.001021620309206099,0.16595319063812752,401
27.2253650730146,0.0194511796927028,0.0009748665599428989,0.05857171434286812,402
4.206681336267253,0.0184298091574943,0.0009699942473045016,0.02928585717143406,403
40.0623324664933,0.0305821505028701,0.0009651437617798977,0.03904780956191445,404
23.467013402680536,0.0457315738584495,0.0009490329715030957,0.06833366673335206,405
19.513422684536906,0.0243753142559264,0.0009433839246099987,0.04880976195238773,406
15.071734346869372,0.0276291488279468,0.0009131070245339996,0.03904780956191267,407
24.316303260652127,0.0275918269282174,0.0009072552433807002,0.06833366673334851,408
16.838647729545908,0.0536934536224859,0.0009058293333395959,0.019523904780957224,409
7.594078815763153,0.0216060168983358,0.0008991514156189012,0.03904780956191267,410
25.878215643128623,0.025469130650318,0.000896672979794802,0.029285857171441165,411
3.445249049809962,0.0229179568869453,0.000884312448406803,0.019523904780956336,412
6.364072814562912,0.0317028712035859,0.0008596162147374992,0.019523904780956336,413
16.692218443688738,0.0350797674178199,0.0008395762771900017,0.039047809561910896,414
26.532266453290656,0.0288485756605298,0.0008340251037040995,0.05857171434286812,415
20.489617923584717,0.0250561350452942,0.0008144619081088995,0.029285857171437613,416
21.53414682936587,0.0248517859234866,0.0008099828444498025,0.06833366673334496,417
16.858171634326865,0.0535671069952443,0.0007794827060979975,0.01952390478095367,418
40.44304860972195,0.0324653281109263,0.000779234073376496,0.0780956191238289,419
40.25757151430286,0.0324650961866377,0.0007790021490878957,0.03904780956191445,420
3.025485097019404,0.0216323243624491,0.0007505163169715008,0.019523904780955448,421
46.163552710542106,0.024131213402473,0.0007497147129478,0.05857171434286812,422
9.917423484696938,0.0391287660839707,0.0007160158543913012,0.019523904780957224,423
6.930266053210642,0.018110428241837,0.0007035881096330993,0.019523904780956336,424
6.451930386077216,0.0239963307984143,0.0006934424226836995,0.019523904780956336,425
9.253610722144428,0.0169346137056873,0.0006757223946285001,0.019523904780959,426
18.14674934986997,0.0358292006307447,0.000674699759906798,0.03904780956191445,427
5.583116623324665,0.0207013630201737,0.0006732841827858001,0.019523904780956336,428
11.118143628725743,0.0269153792290384,0.0006720642865195997,0.01952390478095367,429
7.447649529905981,0.0264410298954104,0.0005936701249637001,0.02928585717143406,430
2.6642928585717143,0.0231308996852772,0.0005849369681424008,0.019523904780956336,431
4.655731146229246,0.0201953480978612,0.0005844478312783986,0.019523904780956336,432
28.435847169433885,0.0366542645295194,0.0005801947996249002,0.029285857171430507,433
12.797199439887976,0.0232032976909956,0.0005717533880836984,0.029285857171430507,434
11.401240248049607,0.0166444535210231,0.0005040034813869991,0.039047809561910896,435
4.860732146429285,0.0269848976156326,0.0005035536534905016,0.019523904780955448,436
25.64392878575715,0.0157284945851365,0.0004985982472992014,0.03904780956190734,437
24.60916183236647,0.0205730280442783,0.0004972818242610991,0.08785757151430218,438
35.04468893778756,0.0787457317686475,0.0004893196471865008,0.019523904780960777,439
4.782636527305461,0.0191790939237693,0.0004881911201049978,0.019523904780956336,440
8.062652530506101,0.0242212416428337,0.0004863633473106005,0.019523904780955448,441
19.210802160432085,0.033379000366796,0.00046747017652660344,0.029285857171430507,442
5.797879575915183,0.0302367181669717,0.00046697391261199886,0.019523904780956336,443
8.931466293258651,0.0206673363372839,0.0004484502697041995,0.02928585717143406,444
7.242648529705941,0.0348235643606889,0.0004388069717474949,0.019523904780956336,445
3.738107621524304,0.0212904559067636,0.00042424740424370014,0.019523904780956336,446
5.50502100420084,0.0246016691590256,0.00042418732165930284,0.019523904780957224,447
7.467173434686937,0.0267395394256526,0.0004186608957606995,0.019523904780956336,448
7.369553910782156,0.0291205726196341,0.00038607261987239766,0.019523904780956336,449
12.436007201440288,0.0287090676829926,0.0003781776976405013,0.039047809561910896,450
3.4647729545909183,0.0224071843250727,0.0003735398865342028,0.019523904780955892,451
9.897899579915984,0.0289665222972249,0.0003725781512172975,0.019523904780955448,452
41.21424284856972,0.0360742509699526,0.0003717842711638969,0.05857171434286812,453
30.42728545709141,0.027236733433079,0.0003661814068860979,0.14642928585717385,454
27.42060412082416,0.0232874881785741,0.0003569671772308998,0.03904780956191445,455
13.12910582116423,0.0374064379785986,0.0003467060028177968,0.02928585717143406,456
46.45641128225645,0.0153016823806168,0.00031125501406820133,0.3416683336667248,457
37.09469893978796,0.0265475976182216,0.00030997050090680184,0.05857171434286812,458
19.298659731946387,0.0331245315849012,0.0002954225649547046,0.02928585717143406,459
28.88489697939588,0.0237158275753896,0.00029192557093739996,0.029285857171437613,460
41.116623324664936,0.0322138505029476,0.0002909850816433038,0.048809761952391284,461
32.56515303060612,0.0320684423587407,0.0002900694010274027,0.12690538107621308,462
7.184076815363072,0.0232419935973355,0.00028202374501390057,0.019523904780956336,463
9.673374674934983,0.0403490532743768,0.00027620693154040143,0.02928585717143406,464
1.3854770954190838,0.018712066404337,0.00027424616294230084,0.019523904780956114,465
38.18803760752151,0.0249268478083137,0.0002727081458251991,0.03904780956191445,466
49.297139427885575,0.0419104910583895,0.0002544194603220015,0.22452490498099564,467
46.3490298059612,0.0186402365429046,0.0002501895636337001,0.1073814762952594,468
33.40468093618724,0.0206622918045089,0.0002428924056454007,0.029285857171430507,469
34.615163032606524,0.023893055489753,0.00021340889143899727,0.03904780956190734,470
17.219363872774554,0.0214045225077559,0.00019438305931619715,0.048809761952391284,471
37.83660732146429,0.0222942208673571,0.00018743280928839798,0.048809761952391284,472
5.1535907181436285,0.0286702728042809,0.0001857126790679002,0.019523904780955448,473
18.46889377875575,0.0230173768281643,0.00018033649251440048,0.05857171434287167,474
32.99467893578716,0.0165006003429768,0.0001707039721921995,0.05857171434286812,475
11.65505101020204,0.0342346495984849,0.00016653133216990024,0.01952390478095367,476
11.869813962792556,0.0250668918691983,0.0001611996346125022,0.02928585717143406,477
9.829565913182636,0.0188358109031836,0.00015945114738279836,0.019523904780957224,478
15.862452490498098,0.0215776550268966,0.0001517299219946991,0.02928585717143406,479
26.073454690938185,0.0237702133372969,0.00015166464824310083,0.03904780956191445,480
6.949789957991598,0.0219999064779893,0.00014109750598479895,0.019523904780956336,481
3.786917383476696,0.0182428216858341,0.00014063285305650208,0.019523904780955892,482
5.446449289857972,0.0240609939400282,0.00013253060290190077,0.019523904780956336,483
12.37743548709742,0.0284612172861623,0.0001303273008101992,0.019523904780955448,484
14.9253050610122,0.0180716286633195,0.0001287166027405008,0.019523904780955448,485
25.97583516703341,0.0208864928836347,0.00012792017034109898,0.039047809561910896,486
26.61036207241448,0.0357267374957332,0.00012492542615150093,0.07809561912382534,487
7.96503300660132,0.0313587722705094,0.00012018532239519916,0.019523904780956336,488
19.152230446089217,0.0205674477303843,0.00011319539591349986,0.039047809561910896,489
26.83488697739548,0.0160365035042942,0.00010832400826450012,0.039047809561910896,490
40.56995399079816,0.023773599049996,0.00010579541643680052,0.029285857171437613,491
10.795999199839969,0.0241423537944474,0.00010019557973319979,0.019523904780957224,492
14.22244448889778,0.0149227800691318,9.791054701129877e-05,0.03904780956191445,493
35.415643128625725,0.0241170121138082,9.450028878699862e-05,0.01952390478095367,494
22.168673734746942,0.0258477541438813,9.198492718009987e-05,0.039047809561910896,495
32.10634126825365,0.0164648704255092,9.059911520449895e-05,0.01952390478095367,496
24.853210642128424,0.0190088715724993,8.695133021140167e-05,0.01952390478095367,497
49.26785357071415,0.0386613314883469,8.491863811859596e-05,0.01952390478095367,498
20.587237447489496,0.0397357185974535,8.38087482410016e-05,0.01952390478095367,499
25.3998799759952,0.0172350039904917,6.449596269690258e-05,0.01952390478095367,500
2.517863572714542,0.0235813821233907,6.410188407269743e-05,0.019523904780955892,501
6.783836767353471,0.0180944521324514,6.014428798409993e-05,0.019523904780955448,502
6.325025005001,0.0301536788712877,5.9142804351101225e-05,0.019523904780956336,503
30.20276055211042,0.0244800558395794,4.9651678257999626e-05,0.03904780956191445,504
30.65181036207241,0.0260475414908441,4.533043085159713e-05,0.019523904780957224,505
25.546309261852368,0.0152703558636578,4.045952582049962e-05,0.03904780956190734,506
11.684336867373473,0.0611358439502397,3.79511975742014e-05,0.019523904780955448,507
43.31306261252251,0.0740469429975853,3.283581919269474e-05,0.05857171434286812,508
24.345589117823565,0.0166935159197674,3.037736378960071e-05,0.019523904780957224,509
13.900300060012,0.0195465053767311,2.5225892461500782e-05,0.019523904780957224,510
9.282896579315862,0.0225553895425923,2.1965985987099784e-05,0.019523904780957224,511
22.080816163232644,0.0257755440297522,1.9774813051001705e-05,0.02928585717143406,512
13.295059011802358,0.0136560039483012,9.939310786698935e-06,0.02928585717143406,513
27.69393878775755,0.0302054668573237,8.649310412996852e-06,0.01952390478095012,514
13.880776155231043,0.0195289751023511,7.695618081501182e-06,0.019523904780957224,515
24.36511302260452,0.0166699018092393,6.763253261501956e-06,0.019523904780957224,516
