base,score,base_index
4.763112622524504,0.0108177721553219,365
2.742388477695539,0.0117413162917101,158
22.00272054410882,0.0118920796237851,2131
1.9614322864572915,0.0120308500542308,78
46.37831566313263,0.0120417958071858,4628
24.326065213042607,0.0123249370926935,2369
2.7814362872574514,0.0123403442529976,162
24.374874974995,0.012381010660302,2374
15.18887777555511,0.0124002276987025,1433
12.27005401080216,0.0124560857475442,1134
4.821684336867373,0.0127837489503639,371
8.667893578715743,0.0129123500676323,765
11.371954390878177,0.0129240850978343,1042
2.3031006201240247,0.0130126176816551,113
1.707621524304861,0.0130256165903226,52
9.24384876975395,0.0130666572443763,824
2.4885777155431086,0.0131370295991099,132
25.653690738147628,0.0131602210822496,2505
13.246249249849969,0.0132109243939089,1234
4.431206241248249,0.0132231323097402,331
2.351910382076415,0.0132516933509858,118
2.9376275255051008,0.0132548394447273,178
27.06917383476695,0.0133018872154189,2650
7.584316863372674,0.0135224262227164,654
5.66121224244849,0.0135606137683274,457
1.6392878575715142,0.0136023435553873,45
13.324344868973794,0.0136460646375145,1242
1.502620524104821,0.0137504953314615,31
18.341988397679533,0.0138449807580537,1756
19.35723144628925,0.0139404436116166,1860
5.71002200440088,0.0140154211644036,462
32.9751550310062,0.0140487342245391,3255
13.929585917183436,0.0140676726081243,1304
29.12894578915783,0.0142769568207355,2861
19.03508701740348,0.0143110589169715,1827
3.054770954190838,0.0143130010326382,190
11.879575915183036,0.0145152147812071,1094
8.082176435287057,0.0145896253328877,705
5.934546909381877,0.0146399456567486,485
13.177915583116622,0.014655703060184,1227
15.85269053810762,0.0146766052737177,1501
1.619763952790558,0.0147110263169407,43
2.137147429485897,0.0147509920547641,96
14.173634726945387,0.0147667424325537,1329
8.384796959391878,0.0147826606088584,736
14.261492298459691,0.0148248695221205,1338
1.7759551910382076,0.0149126291308526,59
9.107181436287258,0.0149335830576527,810
2.722864572914583,0.0149694778458688,156
17.668413682736546,0.0149850319404023,1687
47.03236647329466,0.0149904273665486,4695
25.53654730946189,0.0150231682761132,2493
6.315263052610522,0.0150943606109933,524
8.462892578515703,0.0151120974912372,744
4.265253050610122,0.0151135200038399,314
6.1785957191438285,0.0151379284653796,510
11.81124224844969,0.0151605808674267,1087
25.39011802360472,0.0151676773910607,2478
25.59511902380476,0.0152298963378373,2499
13.558631726345268,0.0153116178965497,1266
3.796679335867173,0.0154199683642835,266
19.113182636527306,0.0154300796684843,1835
39.6132826565313,0.0154910656066401,3935
1.4440488097619524,0.015520859653885,25
22.30534106821364,0.0155464107176382,2162
3.982156431286257,0.0156751117223526,285
1.8540508101620323,0.0156833170372998,67
2.5569113822764558,0.0156927681858599,139
4.704540908181636,0.015693792658833,359
12.767913582716542,0.015770484628944,1185
5.573354670934187,0.0157999945794654,448
40.452810562112425,0.0158056579058675,4021
4.353110622124425,0.0158500848498235,323
26.903220644128822,0.0158803738131465,2633
2.264052810562112,0.0159174859068914,109
26.825125025005,0.0159281794960297,2625
7.105981196239248,0.0159453606438718,605
2.176195239047809,0.015950600244809,100
15.423164632926584,0.0160703167838691,1457
5.5440688137627525,0.0160911772400966,445
22.588437687537507,0.0161028953575909,2191
11.420764152830564,0.0161404500396361,1047
32.11610322064413,0.0161535758671966,3167
3.474534906981396,0.016157641554393,233
15.218163632726544,0.0161673032454571,1436
8.814322864572913,0.0161690318903822,780
15.452450490098018,0.0161875075129634,1460
2.527625525105021,0.0161892839099288,136
21.856291258251648,0.0161992793797246,2116
10.98147629525905,0.0162171790384868,1002
6.920504100820164,0.0162364162939987,586
14.41768353670734,0.0162511826294269,1354
3.9040608121624327,0.0162542263317097,277
9.273134626925383,0.0162588913110588,827
4.73382676535307,0.016279632097792,362
22.559151830366076,0.0163159380317367,2188
33.09229845969194,0.0163298963707846,3267
48.10618123624725,0.0163720939903316,4805
32.45777155431086,0.0163737772717147,3202
31.969673934786957,0.0163742713103047,3152
7.164552910582116,0.0164031048608307,611
30.72990598119624,0.0164176047524383,3025
7.018123624724945,0.0164456663666957,596
10.034566913382676,0.0165481071951557,905
4.626445289057811,0.0166435653069637,351
24.35535107021404,0.0166631385559778,2372
2.1957191438287658,0.016854605145329,102
3.533106621324265,0.016857208073276,239
10.93266653330666,0.0169028490454697,997
7.066933386677335,0.016914388277179,601
3.318343668733746,0.0169416126799779,217
2.244528905781156,0.0169417901813009,107
7.750270054010802,0.0169689848612771,671
2.3714342868573715,0.0169830451385977,120
2.830246049209842,0.0170059586057596,167
9.409801960392077,0.0170087531935697,841
7.291458291658332,0.0170130710416009,624
23.154630926185234,0.0170303045078654,2249
14.93506701340268,0.017033694464679,1407
12.05529105821164,0.0170544225221686,1112
6.7545509101820365,0.017058172999634,569
5.768593718743749,0.0171091140592027,468
16.711742348469695,0.0171253582125064,1589
25.409641928385675,0.0171705080277948,2480
4.567873574714943,0.0172028936793942,345
3.259771954390878,0.017206132075729,211
22.969153830766157,0.0172537333130426,2230
1.2780956191238246,0.0172709816174288,8
4.450730146029206,0.017293280856338,333
23.78915783156631,0.0173290126416328,2314
4.187157431486297,0.0173329818002507,306
3.191438287657532,0.017402527580114,204
6.94002800560112,0.0174068401322039,588
23.291298259651928,0.017408824562954,2263
8.248129625925184,0.0174327084011245,722
3.1523904780956187,0.0174565887022284,200
4.216443288657731,0.0174598149101898,309
1.2488097619523904,0.0174825088236097,5
2.9181036207241444,0.0174842452164871,176
31.559671934386877,0.0174865197409587,3110
27.410842168433685,0.0175067070977121,2685
27.78179635927185,0.0175575770603926,2723
2.0688137627525505,0.0175797712199561,89
6.998599719943988,0.0176058811033561,594
3.4354870974194838,0.0176102617599077,229
5.875975195039008,0.0176291328119475,479
2.4592918583716745,0.0176447541202927,129
14.036967393478694,0.0176520259799667,1315
17.76603320664133,0.017664750139717,1697
2.049289857971594,0.0176852580669587,87
28.9629925985197,0.017695267391351,2844
12.523864772954589,0.0177467212444605,1160
11.75267053410682,0.0177754648509245,1081
3.035247049409881,0.0177818893446444,188
7.808841768353671,0.0177979582649916,677
7.867413482696539,0.0178112979031441,683
9.624564912982596,0.0178191646170679,863
10.600760152030404,0.0178283547188831,963
36.1380276055211,0.0178866609717191,3579
14.905781156231244,0.017942912060579,1404
13.734346869373873,0.0179879338460535,1284
15.120544108821765,0.018024128035503,1426
6.793598719743948,0.0180343078444673,573
14.349349869973992,0.0180783045118976,1347
6.139547909581916,0.0180833395680633,506
48.477135427085415,0.0180920594750439,4843
3.777155431086217,0.0181021888327776,264
5.407401480296059,0.0181120553703185,431
1.3757151430286056,0.0181637137486571,18
5.075495099019804,0.0181815623748379,397
3.50382076415283,0.0181844836513724,236
2.576435287057412,0.0182137398375324,141
6.588597719543909,0.0182272295814254,552
13.64648929785957,0.0182510394993865,1275
17.49269853970794,0.0183001968600179,1669
14.378635727145427,0.018327343811282,1350
6.373834766953391,0.0183315254505741,530
35.942788557711545,0.0183438983131666,3559
46.17331466293259,0.0183900469792709,4607
1.6783356671334266,0.018393691264964,49
7.125505101020204,0.0183959264851893,607
35.66945389077816,0.0184026477798623,3531
9.692898579715942,0.0184124722925423,870
1.3952390478095618,0.0184378202413947,20
9.975995199039806,0.0184455579144159,899
16.233406681336266,0.0184535099855328,1540
27.313222644528903,0.0184763131327599,2675
9.839327865573113,0.0185524741434476,885
24.79463892778556,0.0186323394213877,2417
8.697179435887177,0.0186521924923405,768
15.676975395079014,0.0186526779574561,1483
18.791038207641527,0.0186700136691105,1802
9.819803960792155,0.0186763597558008,883
4.792398479695939,0.0186909028036643,368
30.56395279055811,0.0186922290452531,3008
18.66413282656531,0.0187511304412815,1789
9.878375675135024,0.0187929859732723,889
5.368353670734146,0.018828373700457,427
18.21508301660332,0.0188347837001573,1743
6.461692338467693,0.0188603143123226,539
10.854570914182837,0.0188713540148726,989
9.068133626725343,0.0188836950981333,806
24.8629725945189,0.0189219202422879,2424
4.314062812562512,0.0189667998770483,319
8.960752150430086,0.0190136887359171,795
13.85149029805961,0.0190546425690716,1296
9.487897579515902,0.0190749925731487,849
5.09501900380076,0.01909015922405,399
34.57611522304461,0.0190908449280318,3419
37.25089017803561,0.0191182222025682,3693
5.163352670534106,0.0191317858363008,406
8.521464292858571,0.0191779165345435,750
16.174834966993398,0.0191848787844748,1534
10.346949389877974,0.019188974868601,937
4.645969193838767,0.0192464442805925,353
21.778195639127823,0.0193033221111717,2108
6.549549909981996,0.0193214373804746,548
1.756431286257251,0.0193294325027101,57
4.68501700340068,0.0193526855064857,357
8.853370674134826,0.019359783104531,784
13.80268053610722,0.0194012316371372,1291
10.493378675735146,0.0194150036114048,952
2.6935787157431488,0.0194177969466826,153
22.178435687137423,0.0194584848395509,2149
13.890538107621524,0.0195212794842696,1300
13.09005801160232,0.0195250155610973,1218
10.5129025805161,0.0195516234771618,954
4.665493098619724,0.0196109002665828,355
45.64616923384677,0.0196302290783677,4553
11.664812962592515,0.0196738232322894,1072
2.2250050010002003,0.0196864250200782,105
1.2292858571714342,0.0196901715418654,3
28.748229645929182,0.0196914992663158,2822
10.786237247449488,0.0197025536619749,982
33.394918983796764,0.0197190934891624,3298
3.620964192838567,0.0198341454652736,248
1.5319063812762552,0.0198403443837286,34
3.86501300260052,0.0198449083770865,273
9.19503900780156,0.0198675393591641,819
5.202400480096019,0.0199007105783943,410
45.421644328865774,0.0199009049973615,4530
2.43000600120024,0.019948467888293,126
5.260972194438888,0.0199715560541678,416
2.410482096419284,0.020004279566469,124
8.560512102420484,0.0200151045277134,754
5.592878575715143,0.0200280788373879,450
11.274334866973394,0.020038853220117,1032
5.612402480496099,0.0200511436398058,452
24.648209641928386,0.0200757462200172,2402
1.3464292858571714,0.0200883268373021,15
1.932146429285857,0.0201147593425253,75
33.9123024604921,0.0201270424499028,3351
41.53638727745549,0.0201324318794085,4132
8.921704340868173,0.0202188860675797,791
3.718583716743349,0.0202321331179001,258
8.589797959591918,0.0203045600631961,757
33.531586317263454,0.0204193993988635,3312
19.201040208041608,0.0204542523344708,1844
44.45521104220844,0.0204847260947215,4431
15.930786157231443,0.0204958565399991,1509
9.780756151230245,0.0204971331328432,879
7.955271054210842,0.0205519786258757,692
19.708661732346467,0.0205919515985184,1896
37.6999399879976,0.0206219525288104,3739
20.011282256451288,0.0206289464832973,1927
25.887977595519104,0.0206432156808405,2529
7.633126625325064,0.0207068654827169,659
6.500740148029606,0.0207406045271434,543
25.985597119423883,0.0207585727132936,2539
3.747869573914783,0.0208662085025199,261
3.0157231446289257,0.0208818080454776,186
17.3755551110222,0.0208962810668049,1657
1.9907181436287256,0.020958775860064,81
17.180316063212643,0.0209982070334207,1637
12.445769153830764,0.0210016159596425,1152
13.470774154830965,0.0210529967384941,1257
7.457411482296459,0.0210580095090468,641
11.108381676335268,0.0211146709538626,1015
17.277935587117423,0.0212101394484397,1647
10.17123424684937,0.0212539539593834,919
42.35639127825565,0.0212799636062976,4216
2.654530906181236,0.0212987166029144,149
44.035447089417886,0.0213278328594729,4388
38.178275655131024,0.0213694438053401,3788
15.881976395279054,0.0214259251049019,1504
29.831806361272253,0.0214368648017652,2933
4.050490098019604,0.0214641850901856,292
25.155831166233245,0.0215282306512101,2454
5.026685337067414,0.021543938655488,392
4.977875575115023,0.0215570253535293,387
1.824764952990598,0.0215847076397685,64
7.310982196439288,0.0216276975392835,626
3.113342668533707,0.0216612900653202,196
6.07121424284857,0.0218458871975631,499
6.959551910382077,0.0218588089720045,590
35.1618323664733,0.0219062527946586,3479
8.980276055211041,0.0220092544826968,797
10.200520104020804,0.0220216310769601,922
3.45501100220044,0.0220336444385385,231
4.606921384276856,0.0220615097428896,349
5.465973194638928,0.022062112873123,437
14.76911382276455,0.0220902715161357,1390
37.90494098819764,0.0221067880580687,3760
17.89293858771754,0.0221243010820872,1710
10.678855771154227,0.0222425271964617,971
38.51018203640728,0.0222586525821374,3822
43.42044408881777,0.0222994249841838,4325
5.309781956391278,0.0223227413676298,421
11.938147629525904,0.0223627090613681,1100
9.29265853170634,0.0225334235566052,829
2.6740548109621924,0.0225459627171348,151
18.537227445489098,0.0225466390503298,1776
12.816723344668931,0.0226315443029119,1190
6.84240848169634,0.0226339763159007,578
2.625245049009802,0.0226413302532233,146
5.231686337267454,0.0226802797157526,413
4.938827765553111,0.0227547237388619,383
4.899779955991198,0.0227628255706758,379
6.012642528505701,0.0227789650046723,493
18.439607921584315,0.0228370403356499,1766
4.235967193438688,0.0228471330171126,311
19.786757351470293,0.0228987750411429,1904
27.47917583516703,0.0229305210013432,2692
9.155991198239647,0.0229460288644456,815
7.193838767753551,0.0229599698523216,614
10.903380676135226,0.0229708370408223,994
15.354830966193235,0.023107516311006,1450
20.606761352270453,0.0231659990202574,1988
34.16611322264453,0.0231885577364779,3377
8.170034006801359,0.023191220240834,714
6.442168433686737,0.0233028883757306,537
2.332386477295459,0.0233333234901297,116
20.44080816163233,0.0233449296637654,1971
3.0840568113622724,0.023346800294505,193
34.74206841368274,0.0233469502144339,3436
23.42796559311862,0.0233588708125618,2277
46.07569513902781,0.0233814986895252,4597
28.92394478895779,0.0234239020044522,2840
19.48413682736547,0.0234319303313164,1873
10.41528305661132,0.02348860288376,944
6.822884576915383,0.0234927971565869,576
2.508101620324065,0.023517280239318,134
3.367153430686137,0.0235965794988594,222
26.1125025005001,0.0236185486890538,2552
8.150510102020403,0.0236441778957103,712
40.60900180036008,0.0236678036335592,4037
34.66397279455892,0.023679646598314,3428
8.043128625725144,0.0237348782955231,701
1.8930986197239448,0.0238018420657517,71
5.495259051810362,0.0238574617353469,440
5.436687337467493,0.0239284633371263,434
7.39883976795359,0.0239524587953657,635
21.260812162432483,0.0239854162092833,2055
6.227405481096219,0.0239910972537022,515
35.40588117623525,0.0240225118250212,3504
21.49509901980396,0.0240418030790368,2079
10.805761152230446,0.0240421582147142,984
4.07001400280056,0.0240456933925946,294
10.239567913582716,0.024068001391321,926
7.847889577915583,0.0240874214883284,681
5.514782956591319,0.0241774818373663,442
20.499379875975198,0.0242416731371853,1977
30.2125225045009,0.0244167878267679,2972
6.89121824364873,0.024428416474969,583
30.153950790158028,0.0244304041613214,2966
1.317143428685737,0.0245095934418441,12
25.839167833566712,0.0245724576705232,2524
6.0907381476295255,0.0245749423912762,501
12.01624324864973,0.0246065513010634,1108
38.23684736947389,0.0246541396624885,3794
2.8985797159431885,0.0246903535786046,174
15.735547109421884,0.0247193654892464,1489
9.741708341668332,0.0248256944145226,875
8.11146229245849,0.0248277308539497,708
10.659331866373272,0.024862377860215,969
11.840528105621123,0.0249056922345858,1090
33.67801560312063,0.0251066091485149,3327
5.329305861172235,0.0251222477720529,423
4.850970194038808,0.0254083810588402,374
16.867933586717342,0.0254215219222493,1605
40.07209441888378,0.0254226464579972,3982
4.538587717543509,0.0254703044614619,342
41.13614722944589,0.0255985482215092,4091
17.619603920784154,0.0257103876394006,1682
2.976675335067013,0.0257240891990992,182
3.699059811962393,0.0257363292522767,256
22.11986397279456,0.0257557692167012,2143
2.0980996199239845,0.0257570727151993,92
11.518383676735343,0.0257641828032318,1057
8.73622724544909,0.0258238822970494,772
1.5904780956191238,0.0258305877261495,40
7.418363672734546,0.0258473597704467,637
7.681936387277456,0.0259560964262125,664
17.531746349269852,0.0259930647764979,1673
30.632286457291457,0.0260022110599925,3015
37.03612722544509,0.0260184127389062,3671
13.021724344868971,0.0260264430787365,1211
16.51650330066013,0.0260439806635804,1569
17.131506301260252,0.0261093150218916,1632
12.953390678135628,0.026164481052364,1204
37.14350870174035,0.0262376271173148,3682
11.127905581116222,0.0262433149425188,1017
2.8595319063812763,0.0262645393182112,170
7.486697339467893,0.0263208785298919,644
3.2402480496099217,0.0263218355160665,209
4.870494098819764,0.0264813439621421,376
24.218683736747348,0.0266845716848367,2358
15.042448489697938,0.0267160418034128,1418
11.07909581916383,0.0267952062260822,1012
30.349189837967597,0.0268705520261929,2986
1.5514302860572111,0.0268806063795032,36
20.84104820964193,0.0269122222180743,2012
21.377955591118223,0.0271571521456881,2067
3.650250050010002,0.0274016286921516,251
14.612922584516902,0.0277646616124156,1374
26.483456691338265,0.0277703813909082,2590
14.554350870174034,0.0278208667745862,1368
36.57731546309262,0.0278347933652478,3624
6.422644528905781,0.0279715301708969,535
26.600600120024,0.0280145505568257,2602
5.7881176235247045,0.0283103494133658,470
12.387197439487895,0.0283308899853521,1146
16.360312062412483,0.0283591016685495,1553
5.143828765753151,0.028484560125213,404
42.65901180236048,0.0285312568988581,4247
9.90766153230646,0.0285939441460076,892
12.836247249449888,0.0287121894997695,1192
8.004080816163231,0.0287199388341422,697
7.359791958391678,0.0287344999997617,631
3.2207241448289654,0.0288267718226387,207
12.143148629725944,0.0289345376361081,1121
4.148109621924385,0.0294216916424313,302
3.572154430886177,0.0295354166010114,243
11.977195439087817,0.0295901006645874,1104
40.003760752150434,0.0296170067410902,3975
8.355511102220444,0.0296660936003604,733
16.05769153830766,0.029720268580434,1522
11.323144628925784,0.0297459076988114,1037
5.807641528305661,0.0297697442543597,472
3.6697739547909576,0.0299187722435644,253
27.723224644928983,0.0300458348640558,2717
6.334786957391478,0.0300945360669366,526
12.855771154230846,0.03017318859988,1194
27.684176835367072,0.0301968175469107,2713
2.5959591918383675,0.0303258434211623,143
11.176715343068611,0.0305947053223902,1022
3.601440288057612,0.0306744150879313,246
25.253450690138024,0.0308141463027966,2464
6.695979195839168,0.0308175984667309,563
11.567193438687736,0.0308176880661875,1062
6.354310862172435,0.0308432549888484,528
8.306701340268052,0.0311020828158247,728
7.984556911382276,0.0312385869481142,695
7.906461292258451,0.0312727182715862,687
16.555551110222044,0.0313261127856534,1573
13.831966393278654,0.0313267814042621,1294
3.289057811562312,0.0315608302626491,214
40.30638127625525,0.0316860940375498,4006
32.64324864972995,0.0317783729577133,3221
41.067813562712544,0.0319228654213043,4084
5.124304860972194,0.0321028309625326,402
2.957151430286057,0.0321537240073694,180
9.556231246249247,0.0322136481369612,856
16.2626925385077,0.0322492703862581,1543
5.827165433086617,0.0323983002100056,474
7.730746149229846,0.0324655600534053,669
3.835727145429086,0.0328019291528697,270
19.279135827165437,0.0328291090199465,1852
5.348829765953191,0.0328298075496584,425
26.317503500700138,0.0328917809858368,2573
19.24008801760352,0.0329115301902694,1848
7.252410482096419,0.0338679854751942,620
37.55351070214043,0.0340038546440577,3724
37.59255851170234,0.0340205120281911,3728
11.645289057811562,0.034068118266315,1070
3.933346669333867,0.0342220078852709,280
16.643408681736346,0.0342401911406299,1582
11.23528705741148,0.0342509811325717,1028
7.232886577315463,0.0343847573889414,618
13.988157631526304,0.0347734007019529,1310
48.94570914182837,0.0350271254777633,4891
14.085777155431083,0.0350947821952318,1320
18.088177635527103,0.0351545008708379,1730
9.360992198439687,0.0355039263546286,836
26.74702940588117,0.0356018120695817,2617
5.690498099619924,0.0356776200719918,460
41.28257651530306,0.0357024666987887,4106
10.278615723144627,0.0358374368467212,930
28.46513302660532,0.0360740697298945,2793
13.158391678335668,0.0370597319757808,1225
14.505541108221642,0.0371782652083402,1363
5.8466893378675735,0.037963726329131,476
29.763472694538905,0.0381761478972706,2926
9.927185437087417,0.0384127502295794,894
4.128585717143428,0.0384858758315019,300
49.2873774754951,0.0385764128502283,4926
20.57747549509902,0.0396519098492125,1985
9.663612722544508,0.0400728463428364,867
4.509301860372074,0.0406380346895765,339
6.617883576715343,0.0412144478293613,555
49.716903380676136,0.0416560715980675,4970
23.584156831366272,0.0447825408869464,2293
6.647169433886777,0.0469509573493346,558
18.049129825965192,0.0516323636430197,1726
16.84840968193639,0.0527876242891463,1603
20.91914382876575,0.0563505699132264,2020
31.17895579115823,0.0567064364127807,3071
11.694098819763951,0.0610978927526655,1075
4.109061812362472,0.0637119743148129,298
42.78591718343669,0.0701506429867417,4260
43.23496699339868,0.0740141071783926,4306
35.0251650330066,0.078256412121461,3465
20.10890178035607,0.0934346112726073,1937
4.089537907581516,0.1062481658771711,296
43.71330266053211,0.5376580515959724,4355
43.8499699939988,0.6764372980838497,4369
