base,from_entity,to_entity,from_theta_deg,to_theta_deg,gap_deg,gap_fraction,from_log10_N,to_log10_N,from_frequency_hz,to_frequency_hz,from_cycles,to_cycles
10,pi_plus,K_short,339.7578748989683,11.650113535611695,31.89223863664338,0.08858955176845384,14.943771874719356,13.032361426487812,3.374797015335964e+22,1.2032180447431181e+23,878560907002411.5,10773614372629.879
10,phi_1020,D_plus,209.5764043492742,240.95423611662974,31.377831767355538,0.08716064379820983,1.582156678747984,11.669317322546195,2.4650457307251326e+23,4.5208177663564874e+23,38.208208826239556,467000475264.6251
10,Upsilon_1S,Omega_minus,160.3323249614763,187.61423913903002,27.28191417755372,0.07578309493764922,4.445367569337434,13.521150664275083,2.2875145425820157e+24,4.043966107924921e+23,27884.802274074773,33200961746063.605
10,Lambda,rho_770,305.5676049341028,330.2425190290269,24.67491409492407,0.06854142804145574,13.84879890259473,-0.08265966936381419,2.6977094915770273e+23,1.8745703398187536e+23,70599057394570.8,0.8266855198600702
10,K_short,tau,11.650113535611695,34.54981911811721,22.899705582505515,0.06361029328473755,13.032361426487812,11.09597171977255,1.2032180447431181e+23,4.2965976239379536e+23,10773614372629.879,124730229022.9188
10,Ds_plus,pi0,135.92439042630184,158.23478401108855,22.31039358478672,0.06197331551329645,11.377567751184174,6.439541066697468,4.759449124657848e+23,3.2637245033104756e+22,238543590127.85135,2751319.756290731
10,Omega_minus,phi_1020,187.61423913903002,209.5764043492742,21.9621652102442,0.061006014472900556,13.521150664275083,1.582156678747984,4.043966107924921e+23,2.4650457307251326e+23,33200961746063.605,38.208208826239556
10,K_plus,Delta_1232,61.06244517338858,80.01111568933736,18.94867051594878,0.052635195877635495,15.169617903259415,0.22225309913704822,1.193705675064756e+23,2.978962746248619e+23,1477807625730168.0,1.6682191378992266
10,Delta_1232,D0,80.01111568933736,96.19108463084956,16.179968941512197,0.04494435817086722,0.22225309913704822,11.267197457307917,2.978962746248619e+23,4.509163058209639e+23,1.6682191378992266,185010960278.34146
10,tau,top,34.54981911811721,50.00703705893419,15.45721794081698,0.042936716502269386,11.09597171977255,1.1389084362748172,4.2965976239379536e+23,4.172482236141734e+25,124730229022.9188,13.769191379267722
10,B_plus,Sigma_plus,115.32731487509757,130.62146260268895,15.294147727591374,0.04248374368775382,12.320353652430827,13.362837396118582,1.2765556584555537e+24,2.8758838648585384e+23,2090998168550.197,23058836828435.76
10,Higgs,Xi_minus,246.66432329979955,258.9010177452537,12.236694445454146,0.033990817904039294,3.685178675832777,13.719169493736818,3.027322531090317e+25,3.195880561156057e+23,4843.716049744508,52380482397347.77
10,K_long,eta,284.1389540089202,296.2185336109115,12.07957960199127,0.03355438778330908,15.789274872247002,4.82282926003031,1.2032180447431181e+23,1.3247244221471272e+23,6155663516905793.0,66501.16599178579
10,top,omega_782,50.00703705893419,59.878513935843905,9.871476876909712,0.02742076910252698,1.1389084362748172,1.1663292053773442,4.172482236141734e+25,1.892463460210182e+23,13.769191379267722,14.666591816628907
10,rho_770,pi_plus,330.2425190290269,339.7578748989683,9.515355869941395,0.026431544083170545,-0.08265966936381419,14.943771874719356,1.8745703398187536e+23,3.374797015335964e+22,0.8266855198600702,878560907002411.5
10,eta,Lambda,296.2185336109115,305.5676049341028,9.349071323191321,0.025969642564420335,4.82282926003031,13.84879890259473,1.3247244221471272e+23,2.6977094915770273e+23,66501.16599178579,70599057394570.8
10,J_psi,muon,260.7893294588874,269.7064611272022,8.917131668314825,0.024769810189763403,3.7244148040524654,16.74918461424223,7.488270883812783e+23,2.5548081529516867e+22,5301.695785739452,5.612865226160765e+16
10,Z,W,275.39855342283863,283.7631932193711,8.364639796532451,0.023235110545923476,0.7649959817301074,0.7882310922760309,2.204916030072395e+25,1.9433186099497117e+25,5.820978319391123,6.140886807441088
10,neutron,B_plus,108.02653805609083,115.32731487509757,7.300776819006755,0.020279935608352097,26.300073716822478,12.320353652430827,2.2718590824858967e+23,1.2765556584555537e+24,1.9956010180556114e+26,2090998168550.197
10,D0,B0,96.19108463084956,103.33830104795418,7.147216417104618,0.019853378936401714,11.267197457307917,12.287050836244319,4.509163058209639e+23,1.2766306161220584e+24,185010960278.34146,1936648644657.1626
10,D_plus,Higgs,240.95423611662974,246.66432329979955,5.710087183169787,0.015861353286582742,11.669317322546195,3.685178675832777,4.5208177663564874e+23,3.027322531090317e+25,467000475264.6251,4843.716049744508
10,muon,Z,269.7064611272022,275.39855342283863,5.6920922956364555,0.015811367487879043,16.74918461424223,0.7649959817301074,2.5548081529516867e+22,2.204916030072395e+25,5.612865226160765e+16,5.820978319391123
10,Sigma_plus,Ds_plus,130.62146260268895,135.92439042630184,5.302927823612876,0.014730355065591323,13.362837396118582,11.377567751184174,2.8758838648585384e+23,4.759449124657848e+23,23058836828435.76,238543590127.85135
10,B0,Bs0,103.33830104795418,105.79661873631423,2.458317688360057,0.006828660245444602,12.287050836244319,12.293879496489762,1.2766306161220584e+24,1.297717900302281e+24,1936648644657.1626,1967340336858.258
10,Bs0,neutron,105.79661873631423,108.02653805609083,2.2299193197765925,0.006194220332712757,12.293879496489762,26.300073716822478,1.297717900302281e+24,2.2718590824858967e+23,1967340336858.258,1.9956010180556114e+26
10,pi0,Upsilon_1S,158.23478401108855,160.3323249614763,2.0975409503877422,0.005826502639965951,6.439541066697468,4.445367569337434,3.2637245033104756e+22,2.2875145425820157e+24,2751319.756290731,27884.802274074773
10,Xi_minus,J_psi,258.9010177452537,260.7893294588874,1.888311713633672,0.005245310315649089,13.719169493736818,3.7244148040524654,3.195880561156057e+23,7.488270883812783e+23,52380482397347.77,5301.695785739452
10,omega_782,K_plus,59.878513935843905,61.06244517338858,1.1839312375446749,0.003288697882068541,1.1663292053773442,15.169617903259415,1.892463460210182e+23,1.193705675064756e+23,14.666591816628907,1477807625730168.0
10,W,K_long,283.7631932193711,284.1389540089202,0.3757607895491428,0.0010437799709698413,0.7882310922760309,15.789274872247002,1.9433186099497117e+25,1.2032180447431181e+23,6.140886807441088,6155663516905793.0
2,eta,Higgs,7.593125666225689,87.08348805433502,79.49036238810933,0.2208065621891926,4.82282926003031,3.685178675832777,1.3247244221471272e+23,3.027322531090317e+25,66501.16599178579,4843.716049744508
2,K_long,Z,162.30088656590112,194.85419190666587,32.55330534076473,0.09042584816879091,15.789274872247002,0.7649959817301074,1.2032180447431181e+23,2.204916030072395e+25,6155663516905793.0,5.820978319391123
2,pi_plus,rho_770,231.16882831841625,261.1477879294484,29.978959611032135,0.0832748878084226,14.943771874719356,-0.08265966936381419,3.374797015335964e+22,1.8745703398187536e+23,878560907002411.5,0.8266855198600702
2,B_plus,Lambda,333.83841730491525,1.6970957908969808,27.858678485981695,0.07738521801661581,12.320353652430827,13.84879890259473,1.2765556584555537e+24,2.6977094915770273e+23,2090998168550.197,70599057394570.8
2,K_short,neutron,105.324323535433,132.10335990766396,26.779036372230955,0.07438621214508599,13.032361426487812,26.300073716822478,1.2032180447431181e+23,2.2718590824858967e+23,10773614372629.879,1.9956010180556114e+26
2,Xi_minus,W,206.67404871574888,222.64092385038006,15.966875134631184,0.04435243092953107,13.719169493736818,0.7882310922760309,3.195880561156057e+23,1.9433186099497117e+25,52380482397347.77,6.140886807441088
2,omega_782,Omega_minus,314.80623188303497,329.86449606971604,15.05826418668104,0.04182851162966955,1.1663292053773442,13.521150664275083,1.892463460210182e+23,4.043966107924921e+23,14.666591816628907,33200961746063.605
2,phi_1020,K_short,92.09185979277876,105.324323535433,13.232463742654236,0.0367568437295951,1.582156678747984,13.032361426487812,2.4650457307251326e+23,1.2032180447431181e+23,38.208208826239556,10773614372629.879
2,K_plus,D0,141.256764555757,154.3751222668655,13.118357711108507,0.03643988253085696,15.169617903259415,11.267197457307917,1.193705675064756e+23,4.509163058209639e+23,1477807625730168.0,185010960278.34146
2,Z,Xi_minus,194.85419190666587,206.67404871574888,11.81985680908303,0.03283293558078619,0.7649959817301074,13.719169493736818,2.204916030072395e+25,3.195880561156057e+23,5.820978319391123,52380482397347.77
2,Delta_1232,D_plus,265.79117311169284,275.2679022919142,9.47672918022136,0.02632424772283711,0.22225309913704822,11.669317322546195,2.978962746248619e+23,4.5208177663564874e+23,1.6682191378992266,467000475264.6251
2,B0,Bs0,294.0117754425333,302.17813003765514,8.166354595121867,0.022684318319782966,12.287050836244319,12.293879496489762,1.2766306161220584e+24,1.297717900302281e+24,1936648644657.1626,1967340336858.258
2,D0,K_long,154.3751222668655,162.30088656590112,7.925764299035633,0.022016011941765647,11.267197457307917,15.789274872247002,4.509163058209639e+23,1.2032180447431181e+23,185010960278.34146,6155663516905793.0
2,Ds_plus,B0,286.36630709152655,294.0117754425333,7.645468351006703,0.02123741208612973,11.377567751184174,12.287050836244319,4.759449124657848e+23,1.2766306161220584e+24,238543590127.85135,1936648644657.1626
2,W,muon,222.64092385038006,230.25129714230815,7.6103732919280604,0.02113992581091128,0.7882310922760309,16.74918461424223,1.9433186099497117e+25,2.5548081529516867e+22,6.140886807441088,5.612865226160765e+16
2,Bs0,tau,302.17813003765514,309.60727055570544,7.4291405180502785,0.02063650143902855,12.293879496489762,11.09597171977255,1.297717900302281e+24,4.2965976239379536e+23,1967340336858.258,124730229022.9188
2,J_psi,Sigma_plus,134.0057428546659,140.53859048800888,6.532847633342975,0.018146798981508262,3.7244148040524654,13.362837396118582,7.488270883812783e+23,2.8758838648585384e+23,5301.695785739452,23058836828435.76
2,Lambda,eta,1.6970957908969808,7.593125666225689,5.896029875328708,0.016377860764801966,13.84879890259473,4.82282926003031,2.6977094915770273e+23,1.3247244221471272e+23,70599057394570.8,66501.16599178579
2,Upsilon_1S,top,276.18891144594073,282.01389550759745,5.824984061656713,0.01618051128237976,4.445367569337434,1.1389084362748172,2.2875145425820157e+24,4.172482236141734e+25,27884.802274074773,13.769191379267722
2,tau,omega_782,309.60727055570544,314.80623188303497,5.198961327329579,0.014441559242582166,11.09597171977255,1.1663292053773442,4.2965976239379536e+23,1.892463460210182e+23,124730229022.9188,14.666591816628907
2,Higgs,phi_1020,87.08348805433502,92.09185979277876,5.008371738443734,0.013912143717899261,3.685178675832777,1.582156678747984,3.027322531090317e+25,2.4650457307251326e+23,4843.716049744508,38.208208826239556
2,rho_770,Delta_1232,261.1477879294484,265.79117311169284,4.643385182244452,0.012898292172901256,-0.08265966936381419,0.22225309913704822,1.8745703398187536e+23,2.978962746248619e+23,0.8266855198600702,1.6682191378992266
2,top,Ds_plus,282.01389550759745,286.36630709152655,4.352411583929103,0.012090032177580841,1.1389084362748172,11.377567751184174,4.172482236141734e+25,4.759449124657848e+23,13.769191379267722,238543590127.85135
2,Omega_minus,B_plus,329.86449606971604,333.83841730491525,3.9739212351992355,0.011038670097775654,13.521150664275083,12.320353652430827,4.043966107924921e+23,1.2765556584555537e+24,33200961746063.605,2090998168550.197
2,neutron,J_psi,132.10335990766396,134.0057428546659,1.9023829470019509,0.005284397075005419,26.300073716822478,3.7244148040524654,2.2718590824858967e+23,7.488270883812783e+23,1.9956010180556114e+26,5301.695785739452
2,D_plus,Upsilon_1S,275.2679022919142,276.18891144594073,0.9210091540265675,0.0025583587611849095,11.669317322546195,4.445367569337434,4.5208177663564874e+23,2.2875145425820157e+24,467000475264.6251,27884.802274074773
2,muon,pi_plus,230.25129714230815,231.16882831841625,0.9175311761081034,0.0025486977114113985,16.74918461424223,14.943771874719356,2.5548081529516867e+22,3.374797015335964e+22,5.612865226160765e+16,878560907002411.5
2,Sigma_plus,pi0,140.53859048800888,141.0092595515725,0.47066906356363497,0.0013074140654545415,13.362837396118582,6.439541066697468,2.8758838648585384e+23,3.2637245033104756e+22,23058836828435.76,2751319.756290731
2,pi0,K_plus,141.0092595515725,141.256764555757,0.24750500418448207,0.0006875139005124501,6.439541066697468,15.169617903259415,3.2637245033104756e+22,1.193705675064756e+23,2751319.756290731,1477807625730168.0
e,K_short,eta,2.9236129709227043,37.79091367246657,34.86730070154387,0.09685361305984408,13.032361426487812,4.82282926003031,1.2032180447431181e+23,1.3247244221471272e+23,10773614372629.879,66501.16599178579
e,pi_plus,Higgs,147.35028665969168,174.75749423715177,27.407207577460106,0.07613113215961141,14.943771874719356,3.685178675832777,3.374797015335964e+22,3.027322531090317e+25,878560907002411.5,4843.716049744508
e,omega_782,Z,246.80600705716697,274.1286037435526,27.322596686385648,0.07589610190662681,1.1663292053773442,0.7649959817301074,1.892463460210182e+23,2.204916030072395e+25,14.666591816628907,5.820978319391123
e,D0,K_short,339.72512580634526,2.9236129709227043,23.1984871645774,0.06444024212382611,11.267197457307917,13.032361426487812,4.509163058209639e+23,1.2032180447431181e+23,185010960278.34146,10773614372629.879
e,Omega_minus,Ds_plus,48.09598548708479,71.21444342632657,23.118457939241782,0.06421793872011607,13.521150664275083,11.377567751184174,4.043966107924921e+23,4.759449124657848e+23,33200961746063.605,238543590127.85135
e,Upsilon_1S,B0,84.90135529279847,105.1128332626287,20.21147796983023,0.056142994360639534,4.445367569337434,12.287050836244319,2.2875145425820157e+24,1.2766306161220584e+24,27884.802274074773,1936648644657.1626
e,Bs0,K_long,110.7733189256895,128.21362200770892,17.44030308201942,0.04844528633894283,12.293879496489762,15.789274872247002,1.297717900302281e+24,1.2032180447431181e+23,1967340336858.258,6155663516905793.0
e,phi_1020,omega_782,231.4981379757878,246.80600705716697,15.307869081379158,0.042521858559386554,1.582156678747984,1.1663292053773442,2.4650457307251326e+23,1.892463460210182e+23,38.208208826239556,14.666591816628907
e,pi0,D_plus,297.9328557242042,313.0546004323415,15.12174470813727,0.042004846411492415,6.439541066697468,11.669317322546195,3.2637245033104756e+22,4.5208177663564874e+23,2751319.756290731,467000475264.6251
e,Lambda,K_plus,319.69364723529384,334.56097816585896,14.86733093056513,0.04129814147379203,13.84879890259473,15.169617903259415,2.6977094915770273e+23,1.193705675064756e+23,70599057394570.8,1477807625730168.0
e,B_plus,pi_plus,132.71855778070858,147.35028665969168,14.631728878983099,0.04064369133050861,12.320353652430827,14.943771874719356,1.2765556584555537e+24,3.374797015335964e+22,2090998168550.197,878560907002411.5
e,Sigma_plus,rho_770,276.8652678261655,291.48086791118334,14.615600085017817,0.04059888912504949,13.362837396118582,-0.08265966936381419,2.8758838648585384e+23,1.8745703398187536e+23,23058836828435.76,0.8266855198600702
e,Ds_plus,Upsilon_1S,71.21444342632657,84.90135529279847,13.686911866471897,0.038019199629088604,11.377567751184174,4.445367569337434,4.759449124657848e+23,2.2875145425820157e+24,238543590127.85135,27884.802274074773
e,Delta_1232,tau,184.23240226009023,197.79086672343894,13.55846446334873,0.03766240128707981,0.22225309913704822,11.09597171977255,2.978962746248619e+23,4.2965976239379536e+23,1.6682191378992266,124730229022.9188
e,Xi_minus,top,212.23985923334297,224.07609155455916,11.836232321216189,0.032878423114489415,13.719169493736818,1.1389084362748172,3.195880561156057e+23,4.172482236141734e+25,52380482397347.77,13.769191379267722
e,eta,Omega_minus,37.79091367246657,48.09598548708479,10.305071814618215,0.028625199485050597,4.82282926003031,13.521150664275083,1.3247244221471272e+23,4.043966107924921e+23,66501.16599178579,33200961746063.605
e,Higgs,Delta_1232,174.75749423715177,184.23240226009023,9.474908022938429,0.026319188952606747,3.685178675832777,0.22225309913704822,3.027322531090317e+25,2.978962746248619e+23,4843.716049744508,1.6682191378992266
e,top,phi_1020,224.07609155455916,231.4981379757878,7.422046421228637,0.02061679561452399,1.1389084362748172,1.582156678747984,4.172482236141734e+25,2.4650457307251326e+23,13.769191379267722,38.208208826239556
e,D_plus,Lambda,313.0546004323415,319.69364723529384,6.63904680295234,0.01844179667486761,11.669317322546195,13.84879890259473,4.5208177663564874e+23,2.6977094915770273e+23,467000475264.6251,70599057394570.8
e,B0,Bs0,105.1128332626287,110.7733189256895,5.660485663060794,0.015723571286279985,12.287050836244319,12.293879496489762,1.2766306161220584e+24,1.297717900302281e+24,1936648644657.1626,1967340336858.258
e,K_plus,D0,334.56097816585896,339.72512580634526,5.164147640486331,0.014344854556906476,15.169617903259415,11.267197457307917,1.193705675064756e+23,4.509163058209639e+23,1477807625730168.0,185010960278.34146
e,J_psi,Xi_minus,207.28152285751653,212.23985923334297,4.958336375826435,0.013773156599517875,3.7244148040524654,13.719169493736818,7.488270883812783e+23,3.195880561156057e+23,5301.695785739452,52380482397347.77
e,W,pi0,293.38889864731306,297.9328557242042,4.543957076891177,0.01262210299136438,0.7882310922760309,6.439541066697468,1.9433186099497117e+25,3.2637245033104756e+22,6.140886807441088,2751319.756290731
e,K_long,B_plus,128.21362200770892,132.71855778070858,4.504935772999666,0.012513710480554628,15.789274872247002,12.320353652430827,1.2032180447431181e+23,1.2765556584555537e+24,6155663516905793.0,2090998168550.197
e,muon,J_psi,203.9122125213771,207.28152285751653,3.3693103361394288,0.00935919537816508,16.74918461424223,3.7244148040524654,2.5548081529516867e+22,7.488270883812783e+23,5.612865226160765e+16,5301.695785739452
e,tau,neutron,197.79086672343894,200.93676659997868,3.145899876539726,0.008738610768165907,11.09597171977255,26.300073716822478,4.2965976239379536e+23,2.2718590824858967e+23,124730229022.9188,1.9956010180556114e+26
e,neutron,muon,200.93676659997868,203.9122125213771,2.9754459213984443,0.008265127559440123,26.300073716822478,16.74918461424223,2.2718590824858967e+23,2.5548081529516867e+22,1.9956010180556114e+26,5.612865226160765e+16
e,Z,Sigma_plus,274.1286037435526,276.8652678261655,2.7366640826129207,0.00760184467392478,0.7649959817301074,13.362837396118582,2.204916030072395e+25,2.8758838648585384e+23,5.820978319391123,23058836828435.76
e,rho_770,W,291.48086791118334,293.38889864731306,1.9080307361296918,0.0053000853781380326,-0.08265966936381419,0.7882310922760309,1.8745703398187536e+23,1.9433186099497117e+25,0.8266855198600702,6.140886807441088
phi,muon,Lambda,51.976384415944494,95.80122810449325,43.824843688548754,0.12173567691263543,16.74918461424223,13.84879890259473,2.5548081529516867e+22,2.6977094915770273e+23,5.612865226160765e+16,70599057394570.8
phi,B_plus,Delta_1232,342.91686517834336,22.850945604404036,39.93408042606065,0.11092800118350181,12.320353652430827,0.22225309913704822,1.2765556584555537e+24,2.978962746248619e+23,2090998168550.197,1.6682191378992266
phi,Upsilon_1S,K_short,97.54531247519111,129.41427121592397,31.868958740732857,0.0885248853909246,4.445367569337434,13.032361426487812,2.2875145425820157e+24,1.2032180447431181e+23,27884.802274074773,10773614372629.879
phi,K_short,Ds_plus,129.41427121592397,158.88338624713782,29.469115031213846,0.0818586528644829,13.032361426487812,11.377567751184174,1.2032180447431181e+23,4.759449124657848e+23,10773614372629.879,238543590127.85135
phi,Omega_minus,W,251.39767938752752,277.79892475914005,26.401245371612546,0.07333679269892374,13.521150664275083,0.7882310922760309,4.043966107924921e+23,1.9433186099497117e+25,33200961746063.605,6.140886807441088
phi,neutron,D0,304.24156534326414,328.7606318683362,24.519066525072045,0.06810851812520012,26.300073716822478,11.267197457307917,2.2718590824858967e+23,4.509163058209639e+23,1.9956010180556114e+26,185010960278.34146
phi,top,pi_plus,161.8721785102116,181.990619464475,20.11844095426341,0.055884558206287245,1.1389084362748172,14.943771874719356,4.172482236141734e+25,3.374797015335964e+22,13.769191379267722,878560907002411.5
phi,tau,muon,33.8089043929665,51.976384415944494,18.167480022978,0.05046522228605,11.09597171977255,16.74918461424223,4.2965976239379536e+23,2.5548081529516867e+22,124730229022.9188,5.612865226160765e+16
phi,pi_plus,K_long,181.990619464475,198.44555022434918,16.454930759874177,0.045708140999650496,14.943771874719356,15.789274872247002,3.374797015335964e+22,1.2032180447431181e+23,878560907002411.5,6155663516905793.0
phi,Z,Omega_minus,237.77435782050594,251.39767938752752,13.623321567021598,0.03784255990839333,0.7649959817301074,13.521150664275083,2.204916030072395e+25,4.043966107924921e+23,5.820978319391123,33200961746063.605
phi,rho_770,Higgs,217.61128775185477,228.05159631891001,10.440308567055226,0.02900085713070896,-0.08265966936381419,3.685178675832777,1.8745703398187536e+23,3.027322531090317e+25,0.8266855198600702,4843.716049744508
phi,D0,Sigma_plus,328.7606318683362,338.68884135208475,9.928209483748535,0.027578359677079264,11.267197457307917,13.362837396118582,4.509163058209639e+23,2.8758838648585384e+23,185010960278.34146,23058836828435.76
phi,W,B0,277.79892475914005,285.54977010610315,7.750845346963081,0.021530125963786336,0.7882310922760309,12.287050836244319,1.9433186099497117e+25,1.2766306161220584e+24,6.140886807441088,1936648644657.1626
phi,B0,pi0,285.54977010610315,292.688453911209,7.13868380510589,0.01982967723640525,12.287050836244319,6.439541066697468,1.2766306161220584e+24,3.2637245033104756e+22,1936648644657.1626,2751319.756290731
phi,K_long,phi_1020,198.44555022434918,205.40712775157598,6.961577527226785,0.019337715353407735,15.789274872247002,1.582156678747984,1.2032180447431181e+23,2.4650457307251326e+23,6155663516905793.0,38.208208826239556
phi,K_plus,rho_770,211.03070899880663,217.61128775185477,6.580578753048145,0.018279385425133736,15.169617903259415,-0.08265966936381419,1.193705675064756e+23,1.8745703398187536e+23,1477807625730168.0,0.8266855198600702
phi,eta,tau,27.757011534983036,33.8089043929665,6.05189285798346,0.0168108134943985,4.82282926003031,11.09597171977255,1.3247244221471272e+23,4.2965976239379536e+23,66501.16599178579,124730229022.9188
phi,Xi_minus,Z,232.50291662048195,237.77435782050594,5.271441200023966,0.014642892222288793,13.719169493736818,0.7649959817301074,3.195880561156057e+23,2.204916030072395e+25,52380482397347.77,5.820978319391123
phi,Delta_1232,eta,22.850945604404036,27.757011534983036,4.906065930579,0.013627960918275003,0.22225309913704822,4.82282926003031,2.978962746248619e+23,1.3247244221471272e+23,1.6682191378992266,66501.16599178579
phi,Higgs,Xi_minus,228.05159631891001,232.50291662048195,4.451320301571958,0.012364778615477658,3.685178675832777,13.719169493736818,3.027322531090317e+25,3.195880561156057e+23,4843.716049744508,52380482397347.77
phi,Sigma_plus,B_plus,338.68884135208475,342.91686517834336,4.228023826258628,0.011744510628496189,13.362837396118582,12.320353652430827,2.8758838648585384e+23,1.2765556584555537e+24,23058836828435.76,2090998168550.197
phi,Bs0,D_plus,297.31275133034757,301.44825355076193,4.135502220414345,0.011487506167817626,12.293879496489762,11.669317322546195,1.297717900302281e+24,4.5208177663564874e+23,1967340336858.258,467000475264.6251
phi,phi_1020,omega_782,205.40712775157598,209.10691863695814,3.6997908853821597,0.010277196903839332,1.582156678747984,1.1663292053773442,2.4650457307251326e+23,1.892463460210182e+23,38.208208826239556,14.666591816628907
phi,Ds_plus,top,158.88338624713782,161.8721785102116,2.9887922630737784,0.008302200730760496,11.377567751184174,1.1389084362748172,4.759449124657848e+23,4.172482236141734e+25,238543590127.85135,13.769191379267722
phi,pi0,J_psi,292.688453911209,295.639354820763,2.9509009095539764,0.008196946970983268,6.439541066697468,3.7244148040524654,3.2637245033104756e+22,7.488270883812783e+23,2751319.756290731,5301.695785739452
phi,D_plus,neutron,301.44825355076193,304.24156534326414,2.7933117925022373,0.007759199423617326,11.669317322546195,26.300073716822478,4.5208177663564874e+23,2.2718590824858967e+23,467000475264.6251,1.9956010180556114e+26
phi,omega_782,K_plus,209.10691863695814,211.03070899880663,1.9237903618485068,0.005343862116245852,1.1663292053773442,15.169617903259415,1.892463460210182e+23,1.193705675064756e+23,14.666591816628907,1477807625730168.0
phi,Lambda,Upsilon_1S,95.80122810449325,97.54531247519111,1.744084370697869,0.004844678807494081,13.84879890259473,4.445367569337434,2.6977094915770273e+23,2.2875145425820157e+24,70599057394570.8,27884.802274074773
phi,J_psi,Bs0,295.639354820763,297.31275133034757,1.6733965095845436,0.0046483236377348434,3.7244148040524654,12.293879496489762,7.488270883812783e+23,1.297717900302281e+24,5301.695785739452,1967340336858.258
pi,pi_plus,phi_1020,21.19934124735792,65.68349633210119,44.484155084743264,0.12356709745762018,14.943771874719356,1.582156678747984,3.374797015335964e+22,2.4650457307251326e+23,878560907002411.5,38.208208826239556
pi,pi0,pi_plus,343.0501410936859,21.19934124735792,38.149200153672,0.10597000042686666,6.439541066697468,14.943771874719356,3.2637245033104756e+22,3.374797015335964e+22,2751319.756290731,878560907002411.5
pi,K_short,top,77.0940660425353,104.71516051495932,27.62109447242402,0.07672526242340005,13.032361426487812,1.1389084362748172,1.2032180447431181e+23,4.172482236141734e+25,10773614372629.879,13.769191379267722
pi,Xi_minus,D0,214.4308205905152,238.88991914995145,24.459098559436264,0.0679419404428785,13.719169493736818,11.267197457307917,3.195880561156057e+23,4.509163058209639e+23,52380482397347.77,185010960278.34146
pi,omega_782,Higgs,124.57129931554806,148.54000406435924,23.96870474881117,0.06657973541336436,1.1663292053773442,3.685178675832777,1.892463460210182e+23,3.027322531090317e+25,14.666591816628907,4843.716049744508
pi,B_plus,rho_770,281.50950545226425,300.1438427214863,18.634337269222083,0.051762047970061335,12.320353652430827,-0.08265966936381419,1.2765556584555537e+24,1.8745703398187536e+23,2090998168550.197,0.8266855198600702
pi,Z,W,193.9547901931671,210.77997763856092,16.825187445393833,0.04673663179276065,0.7649959817301074,0.7882310922760309,2.204916030072395e+25,1.9433186099497117e+25,5.820978319391123,6.140886807441088
pi,neutron,Upsilon_1S,324.61221471778146,339.0138484578549,14.401633740073487,0.040004538166870794,26.300073716822478,4.445367569337434,2.2718590824858967e+23,2.2875145425820157e+24,1.9956010180556114e+26,27884.802274074773
pi,Higgs,Delta_1232,148.54000406435924,160.9396282367417,12.399624172382483,0.03444340047884023,3.685178675832777,0.22225309913704822,3.027322531090317e+25,2.978962746248619e+23,4843.716049744508,1.6682191378992266
pi,Bs0,K_long,262.3388354747475,273.4514926166473,11.11265714189983,0.03086849206083286,12.293879496489762,15.789274872247002,1.297717900302281e+24,1.2032180447431181e+23,1967340336858.258,6155663516905793.0
pi,top,tau,104.71516051495932,114.90061753615636,10.185457021197038,0.028292936169991775,1.1389084362748172,11.09597171977255,4.172482236141734e+25,4.2965976239379536e+23,13.769191379267722,124730229022.9188
pi,tau,omega_782,114.90061753615636,124.57129931554806,9.670681779391698,0.026863004942754717,11.09597171977255,1.1663292053773442,4.2965976239379536e+23,1.892463460210182e+23,124730229022.9188,14.666591816628907
pi,D0,muon,238.88991914995145,248.5487381325655,9.658818982614015,0.026830052729483377,11.267197457307917,16.74918461424223,4.509163058209639e+23,2.5548081529516867e+22,185010960278.34146,5.612865226160765e+16
pi,K_plus,Z,184.74070923326863,193.9547901931671,9.214080959898464,0.02559466933305129,15.169617903259415,0.7649959817301074,1.193705675064756e+23,2.204916030072395e+25,1477807625730168.0,5.820978319391123
pi,Delta_1232,D_plus,160.9396282367417,170.07605724807817,9.136429011336457,0.025378969475934602,0.22225309913704822,11.669317322546195,2.978962746248619e+23,4.5208177663564874e+23,1.6682191378992266,467000475264.6251
pi,rho_770,Lambda,300.1438427214863,308.29906787770693,8.155225156220627,0.022653403211723967,-0.08265966936381419,13.84879890259473,1.8745703398187536e+23,2.6977094915770273e+23,0.8266855198600702,70599057394570.8
pi,Lambda,Sigma_plus,308.29906787770693,316.4008739118647,8.101806034157754,0.022505016761549316,13.84879890259473,13.362837396118582,2.6977094915770273e+23,2.8758838648585384e+23,70599057394570.8,23058836828435.76
pi,K_long,B_plus,273.4514926166473,281.50950545226425,8.058012835616937,0.022383368987824826,15.789274872247002,12.320353652430827,1.2032180447431181e+23,1.2765556584555537e+24,6155663516905793.0,2090998168550.197
pi,J_psi,K_plus,176.95197183283557,184.74070923326863,7.788737400433074,0.021635381667869647,3.7244148040524654,15.169617903259415,7.488270883812783e+23,1.193705675064756e+23,5301.695785739452,1477807625730168.0
pi,D_plus,J_psi,170.07605724807817,176.95197183283557,6.875914584757401,0.019099762735437224,11.669317322546195,3.7244148040524654,4.5208177663564874e+23,7.488270883812783e+23,467000475264.6251,5301.695785739452
pi,Omega_minus,K_short,71.03989861378906,77.0940660425353,6.054167428746233,0.016817131746517312,13.521150664275083,13.032361426487812,4.043966107924921e+23,1.2032180447431181e+23,33200961746063.605,10773614372629.879
pi,Ds_plus,neutron,318.8121075639408,324.61221471778146,5.800107153840617,0.01611140876066838,11.377567751184174,26.300073716822478,4.759449124657848e+23,2.2718590824858967e+23,238543590127.85135,1.9956010180556114e+26
pi,phi_1020,Omega_minus,65.68349633210119,71.03989861378906,5.35640228168788,0.01487889522691078,1.582156678747984,13.521150664275083,2.4650457307251326e+23,4.043966107924921e+23,38.208208826239556,33200961746063.605
pi,eta,B0,252.3443190321435,257.3940133529243,5.049694320780773,0.014026928668835483,4.82282926003031,12.287050836244319,1.3247244221471272e+23,1.2766306161220584e+24,66501.16599178579,1936648644657.1626
pi,B0,Bs0,257.3940133529243,262.3388354747475,4.944822121823215,0.013735617005064486,12.287050836244319,12.293879496489762,1.2766306161220584e+24,1.297717900302281e+24,1936648644657.1626,1967340336858.258
pi,Upsilon_1S,pi0,339.0138484578549,343.0501410936859,4.0362926358309945,0.011211923988419428,4.445367569337434,6.439541066697468,2.2875145425820157e+24,3.2637245033104756e+22,27884.802274074773,2751319.756290731
pi,muon,eta,248.5487381325655,252.3443190321435,3.7955808995780065,0.010543280276605574,16.74918461424223,4.82282926003031,2.5548081529516867e+22,1.3247244221471272e+23,5.612865226160765e+16,66501.16599178579
pi,W,Xi_minus,210.77997763856092,214.4308205905152,3.650842951954263,0.010141230422095176,0.7882310922760309,13.719169493736818,1.9433186099497117e+25,3.195880561156057e+23,6.140886807441088,52380482397347.77
pi,Sigma_plus,Ds_plus,316.4008739118647,318.8121075639408,2.4112336520761177,0.006697871255766994,13.362837396118582,11.377567751184174,2.8758838648585384e+23,4.759449124657848e+23,23058836828435.76,238543590127.85135
