name,family,dominant_interaction,mass_mev,compton_frequency_hz,lifetime_s,compton_cycles,log10_N,base,log_base_N,phase_fraction,theta_rad,theta_deg,complex_x,complex_y
muon,lepton,weak,105.6583755,2.5548081529516867e+22,2.1969811e-06,5.612865226160765e+16,16.74918461424223,2,55.63958693650641,0.6395869365064115,4.018643242121088,230.25129714230815,-0.6394215956957574,-0.7688563083944173
tau,lepton,weak,1776.93,4.2965976239379536e+23,2.903e-13,124730229022.9188,11.09597171977255,2,36.86002019598807,0.8600201959880707,5.403666259309953,309.60727055570544,0.6375217589987606,-0.7704323505689037
neutron,baryon,weak,939.56542194,2.2718590824858967e+23,878.4,1.9956010180556114e+26,26.300073716822478,2,87.36695377752129,0.36695377752128877,2.305638583335808,132.10335990766396,-0.6704701283461795,0.7419365249099532
Lambda,baryon,weak,1115.683,2.6977094915770273e+23,2.617e-10,70599057394570.8,13.84879890259473,2,46.004714154974714,0.004714154974713836,0.029619909272889527,1.6970957908969808,0.9995613625582186,0.02961557834582313
Sigma_plus,baryon,weak,1189.37,2.8758838648585384e+23,8.018e-11,23058836828435.76,13.362837396118582,2,44.3903849735778,0.39038497357780244,2.452861130127739,140.53859048800888,-0.7720528267817983,0.635558362904804
Xi_minus,baryon,weak,1321.71,3.195880561156057e+23,1.639e-10,52380482397347.77,13.719169493736818,2,45.57409457976597,0.5740945797659691,3.6071426285169763,206.67404871574888,-0.8935748091433982,-0.44891431305354873
Omega_minus,baryon,weak,1672.45,4.043966107924921e+23,8.21e-11,33200961746063.605,13.521150664275083,2,44.91629026686032,0.9162902668603223,5.757221541848439,329.86449606971604,0.8648404881050192,-0.50204674098561
Delta_1232,baryon,strong,1232.0,2.978962746248619e+23,5.5999999999999996e-24,1.6682191378992266,0.22225309913704822,2,0.7383088141991467,0.7383088141991467,4.638931093537262,265.79117311169284,-0.07339184079459846,-0.997303182439914
pi0,meson,electromagnetic,134.9768,3.2637245033104756e+22,8.43e-17,2751319.756290731,6.439541066697468,2,21.391692387643257,0.391692387643257,2.461075854974203,141.0092595515725,-0.7772476555637144,0.6291947885358791
pi_plus,meson,weak,139.57039,3.374797015335964e+22,2.6033e-08,878560907002411.5,14.943771874719356,2,49.64213563421782,0.6421356342178228,4.03465718213387,231.16882831841625,-0.6270277162426132,-0.7789969467613932
K_plus,meson,weak,493.677,1.193705675064756e+23,1.238e-08,1477807625730168.0,15.169617903259415,2,50.39237990154377,0.39237990154376945,2.4653956322123847,141.256764555757,-0.7799583765423884,0.6258313917193367
K_short,meson,weak,497.611,1.2032180447431181e+23,8.954e-11,10773614372629.879,13.032361426487812,2,43.2925675653762,0.29256756537620277,1.8382562281290602,105.324323535433,-0.2642825056646823,0.9644453106317626
K_long,meson,weak,497.611,1.2032180447431181e+23,5.116e-08,6155663516905793.0,15.789274872247002,2,52.45083579601639,0.450835796016392,2.8326848494808075,162.30088656590112,-0.952666185593286,0.30401831988736944
eta,meson,electromagnetic,547.862,1.3247244221471272e+23,5.02e-19,66501.16599178579,4.82282926003031,2,16.021092015739516,0.0210920157395158,0.13252504339332627,7.593125666225689,0.9912314012068884,0.13213746350459712
rho_770,meson,strong,775.26,1.8745703398187536e+23,4.41e-24,0.8266855198600702,-0.08265966936381419,2,-0.2745894779737546,0.7254105220262455,4.557888733668779,261.1477879294484,-0.15388631802600125,-0.9880885593530574
omega_782,meson,strong,782.66,1.892463460210182e+23,7.749999999999999e-23,14.666591816628907,1.1663292053773442,2,3.874461755230653,0.8744617552306528,5.494405252155709,314.80623188303497,0.7047113835888696,-0.7094940914766388
phi_1020,meson,strong,1019.461,2.4650457307251326e+23,1.55e-22,38.208208826239556,1.582156678747984,2,5.255810721646608,0.2558107216466077,1.6073061676689722,92.09185979277876,-0.03650173033679582,0.9993335897899259
D0,meson,weak,1864.84,4.509163058209639e+23,4.103e-13,185010960278.34146,11.267197457307917,2,37.428819784074626,0.4288197840746264,2.6943541667256152,154.3751222668655,-0.9016448304798174,0.4324772822577174
D_plus,meson,weak,1869.66,4.5208177663564874e+23,1.033e-12,467000475264.6251,11.669317322546195,2,38.764633061921984,0.7646330619219839,4.804331220051948,275.2679022919142,0.09181275736246218,-0.9957762889251288
Ds_plus,meson,weak,1968.35,4.759449124657848e+23,5.012e-13,238543590127.85135,11.377567751184174,2,37.79546196414313,0.7954619641431293,4.998034925524325,286.36630709152655,0.2817772813766293,-0.9594798401738287
J_psi,meson,mixed,3096.9,7.488270883812783e+23,7.080000000000001e-21,5301.695785739452,3.7244148040524654,2,12.372238174596294,0.37223817459629416,2.338841429394785,134.0057428546659,-0.6947304676366362,0.7192701699204416
B_plus,meson,weak,5279.41,1.2765556584555537e+24,1.638e-12,2090998168550.197,12.320353652430827,2,40.9273289369581,0.9273289369580979,5.826579551617586,333.83841730491525,0.8975542013663926,-0.440904134262242
B0,meson,weak,5279.72,1.2766306161220584e+24,1.517e-12,1936648644657.1626,12.287050836244319,2,40.81669937622926,0.8166993762292591,5.131473521106414,294.0117754425333,0.4069243865690151,-0.913461845736006
Bs0,meson,weak,5366.93,1.297717900302281e+24,1.516e-12,1967340336858.258,12.293879496489762,2,40.83938369454904,0.839383694549042,5.274003296676659,302.17813003765514,0.5325532429159837,-0.8463965048720778
Upsilon_1S,meson,mixed,9460.4,2.2875145425820157e+24,1.2190000000000001e-20,27884.802274074773,4.445367569337434,2,14.767191420683169,0.7671914206831687,4.820405862230719,276.18891144594073,0.1078069538814107,-0.9941718466617385
W,boson,weak,80369.2,1.9433186099497117e+25,3.16e-25,6.140886807441088,0.7882310922760309,2,2.6184470106955002,0.6184470106955002,3.8858171708711033,222.64092385038006,-0.7356134367202509,-0.6774015586907233
Z,boson,weak,91188.0,2.204916030072395e+25,2.64e-25,5.820978319391123,0.7649959817301074,2,2.541261644185183,0.541261644185183,3.4008472100842067,194.85419190666587,-0.9665813486398974,-0.2563600913977781
Higgs,boson,mixed,125200.0,3.027322531090317e+25,1.6000000000000002e-22,4843.716049744508,3.685178675832777,2,12.241898577928708,0.2418985779287084,1.5198935906692967,87.08348805433502,0.050880756723907274,0.9987047354424643
top,quark,weak,172560.0,4.172482236141734e+25,3.3e-25,13.769191379267722,1.1389084362748172,2,3.7833719319655486,0.7833719319655486,4.922071012982821,282.01389550759745,0.20814890736444888,-0.9780971487347185
muon,lepton,weak,105.6583755,2.5548081529516867e+22,2.1969811e-06,5.612865226160765e+16,16.74918461424223,e,38.56642281255938,0.5664228125593809,3.5589394935244387,203.9122125213771,-0.9141675790607754,-0.40533644962445814
tau,lepton,weak,1776.93,4.2965976239379536e+23,2.903e-13,124730229022.9188,11.09597171977255,e,25.549419074231775,0.5494190742317748,3.452101854697298,197.79086672343894,-0.9521781102336274,-0.30554352618230696
neutron,baryon,weak,939.56542194,2.2718590824858967e+23,878.4,1.9956010180556114e+26,26.300073716822478,e,60.55815768499994,0.5581576849999408,3.5070081654809995,200.93676659997868,-0.933975363854234,-0.35733740318269397
Lambda,baryon,weak,1115.683,2.6977094915770273e+23,2.617e-10,70599057394570.8,13.84879890259473,e,31.888037908986927,0.8880379089869272,5.579706741965144,319.69364723529384,0.7625966111169079,-0.6468743376522271
Sigma_plus,baryon,weak,1189.37,2.8758838648585384e+23,8.018e-11,23058836828435.76,13.362837396118582,e,30.769070188406015,0.7690701884060154,4.832210507982512,276.8652678261655,0.11953501644115574,-0.9928299853672897
Xi_minus,baryon,weak,1321.71,3.195880561156057e+23,1.639e-10,52380482397347.77,13.719169493736818,e,31.589555164537064,0.5895551645370638,3.704284347591123,212.23985923334297,-0.8458222527658638,-0.5334648223885801
Omega_minus,baryon,weak,1672.45,4.043966107924921e+23,8.21e-11,33200961746063.605,13.521150664275083,e,31.133599959686347,0.13359995968634664,0.8394333037410382,48.09598548708479,0.6678847051130159,0.7442647517356306
Delta_1232,baryon,strong,1232.0,2.978962746248619e+23,5.5999999999999996e-24,1.6682191378992266,0.22225309913704822,e,0.5117566729446951,0.5117566729446951,3.2154620082972167,184.23240226009023,-0.9972728996324879,-0.0738021927764323
pi0,meson,electromagnetic,134.9768,3.2637245033104756e+22,8.43e-17,2751319.756290731,6.439541066697468,e,14.827591265900567,0.8275912659005673,5.199909282256598,297.9328557242042,0.4684365243598444,-0.883497154859974
pi_plus,meson,weak,139.57039,3.374797015335964e+22,2.6033e-08,878560907002411.5,14.943771874719356,e,34.40930635183248,0.4093063518324769,2.571747655969097,147.35028665969168,-0.8419846092997902,0.5395015455976745
K_plus,meson,weak,493.677,1.193705675064756e+23,1.238e-08,1477807625730168.0,15.169617903259415,e,34.92933605046072,0.9293360504607193,5.839190617687098,334.56097816585896,0.9030429530420054,-0.429550258946697
K_short,meson,weak,497.611,1.2032180447431181e+23,8.954e-11,10773614372629.879,13.032361426487812,e,30.008121147141452,0.008121147141451956,0.05102667239661443,2.9236129709227043,0.9986984218010738,0.05100453207357644
K_long,meson,weak,497.611,1.2032180447431181e+23,5.116e-08,6155663516905793.0,15.789274872247002,e,36.356148950021414,0.35614895002141367,2.237749849941983,128.21362200770892,-0.6185952144784919,0.7857098450600634
eta,meson,electromagnetic,547.862,1.3247244221471272e+23,5.02e-19,66501.16599178579,4.82282926003031,e,11.104974760201296,0.10497476020129604,0.6595758709214836,37.79091367246657,0.7902522011209563,0.6127817381608918
rho_770,meson,strong,775.26,1.8745703398187536e+23,4.41e-24,0.8266855198600702,-0.08265966936381419,e,-0.19033092246893518,0.8096690775310649,5.087300851620836,291.48086791118334,0.36619052317731743,-0.9305398974440174
omega_782,meson,strong,782.66,1.892463460210182e+23,7.749999999999999e-23,14.666591816628907,1.1663292053773442,e,2.6855722418254637,0.6855722418254637,4.307577436847924,246.80600705716697,-0.3938455425877323,-0.9191766362260165
phi_1020,meson,strong,1019.461,2.4650457307251326e+23,1.55e-22,38.208208826239556,1.582156678747984,e,3.643050383266077,0.6430503832660772,4.040404719913618,231.4981379757878,-0.6225400698634831,-0.7825879256763226
D0,meson,weak,1864.84,4.509163058209639e+23,4.103e-13,185010960278.34146,11.267197457307917,e,25.943680905017626,0.9436809050176258,5.929321997072681,339.72512580634526,0.9380409854398365,-0.34652432762370455
D_plus,meson,weak,1869.66,4.5208177663564874e+23,1.033e-12,467000475264.6251,11.669317322546195,e,26.86959611231206,0.8695961123120597,5.463833516059623,313.0546004323415,0.6826949991477964,-0.7307034543086479
Ds_plus,meson,weak,1968.35,4.759449124657848e+23,5.012e-13,238543590127.85135,11.377567751184174,e,26.197817898406463,0.1978178984064627,1.2429265127646305,71.21444342632657,0.3220270485885103,0.9467304684953227
J_psi,meson,mixed,3096.9,7.488270883812783e+23,7.080000000000001e-21,5301.695785739452,3.7244148040524654,e,8.575782007937546,0.575782007937546,3.6177450524115486,207.28152285751653,-0.8887650949516,-0.4583629631587541
B_plus,meson,weak,5279.41,1.2765556584555537e+24,1.638e-12,2090998168550.197,12.320353652430827,e,28.36866266050197,0.3686626605019683,2.316375811771703,132.71855778070858,-0.6783976689955106,0.7346949045021735
B0,meson,weak,5279.72,1.2766306161220584e+24,1.517e-12,1936648644657.1626,12.287050836244319,e,28.29198009239619,0.2919800923961908,1.8345650265326843,105.1128332626287,-0.26072075126005884,0.9654142581619511
Bs0,meson,weak,5366.93,1.297717900302281e+24,1.516e-12,1967340336858.258,12.293879496489762,e,28.30770366368247,0.3077036636824708,1.9333591386150295,110.7733189256895,-0.3546716012229193,0.9349909386116908
Upsilon_1S,meson,mixed,9460.4,2.2875145425820157e+24,1.2190000000000001e-20,27884.802274074773,4.445367569337434,e,10.235837098035551,0.2358370980355513,1.4818081892648476,84.90135529279847,0.08887073616582478,0.9960431678664055
W,boson,weak,80369.2,1.9433186099497117e+25,3.16e-25,6.140886807441088,0.7882310922760309,e,1.8149691629092028,0.8149691629092028,5.12060227019555,293.38889864731306,0.3969700634907195,-0.9178315579081895
Z,boson,weak,91188.0,2.204916030072395e+25,2.64e-25,5.820978319391123,0.7649959817301074,e,1.7614683437320906,0.7614683437320906,4.784446709219846,274.1286037435526,0.07199538726906708,-0.9974049650026698
Higgs,boson,mixed,125200.0,3.027322531090317e+25,1.6000000000000002e-22,4843.716049744508,3.685178675832777,e,8.485437483992088,0.4854374839920883,3.0500936669733147,174.75749423715177,-0.9958168873868888,0.09137136747957961
top,quark,weak,172560.0,4.172482236141734e+25,3.3e-25,13.769191379267722,1.1389084362748172,e,2.622433587651553,0.6224335876515532,3.9108655726273165,224.07609155455916,-0.7184166264851088,-0.6956130754879148
muon,lepton,weak,105.6583755,2.5548081529516867e+22,2.1969811e-06,5.612865226160765e+16,16.74918461424223,pi,33.69041316147935,0.6904131614793485,4.33799383209045,248.5487381325655,-0.3657096429984367,-0.9307289922517489
tau,lepton,weak,1776.93,4.2965976239379536e+23,2.903e-13,124730229022.9188,11.09597171977255,pi,22.31916838204488,0.31916838204487874,2.005394088580663,114.90061753615636,-0.42104558949895843,0.9070394762982892
neutron,baryon,weak,939.56542194,2.2718590824858967e+23,878.4,1.9956010180556114e+26,26.300073716822478,pi,52.90170059643828,0.9017005964382818,5.665551939016082,324.61221471778146,0.815251272444264,-0.5791073844961818
Lambda,baryon,weak,1115.683,2.6977094915770273e+23,2.617e-10,70599057394570.8,13.84879890259473,pi,27.856386299660297,0.8563862996602971,5.380833815295473,308.29906787770693,0.6197662644978716,-0.7847864533682741
Sigma_plus,baryon,weak,1189.37,2.8758838648585384e+23,8.018e-11,23058836828435.76,13.362837396118582,pi,26.878891316421846,0.8788913164218464,5.52223700594947,316.4008739118647,0.7241823798714618,-0.6896084981231785
Xi_minus,baryon,weak,1321.71,3.195880561156057e+23,1.639e-10,52380482397347.77,13.719169493736818,pi,27.595641168306987,0.5956411683069867,3.7425238370577416,214.4308205905152,-0.8248094714238124,-0.5654107673626062
Omega_minus,baryon,weak,1672.45,4.043966107924921e+23,8.21e-11,33200961746063.605,13.521150664275083,pi,27.19733305170497,0.19733305170496962,1.2398801310935748,71.03989861378906,0.3249096521988067,0.945745059679431
Delta_1232,baryon,strong,1232.0,2.978962746248619e+23,5.5999999999999996e-24,1.6682191378992266,0.22225309913704822,pi,0.44705452287983805,0.44705452287983805,2.8089264096667788,160.9396282367417,-0.9451750041590689,0.3265642532686397
pi0,meson,electromagnetic,134.9768,3.2637245033104756e+22,8.43e-17,2751319.756290731,6.439541066697468,pi,12.952917058593572,0.952917058593572,5.98735446151592,343.0501410936859,0.9565602521626742,-0.2915347045936063
pi_plus,meson,weak,139.57039,3.374797015335964e+22,2.6033e-08,878560907002411.5,14.943771874719356,pi,30.05888705902044,0.05888705902043867,0.36999830402023737,21.19934124735792,0.932327958897148,0.3616138507561316
K_plus,meson,weak,493.677,1.193705675064756e+23,1.238e-08,1477807625730168.0,15.169617903259415,pi,30.51316863675908,0.5131686367590795,3.2243336385900268,184.74070923326863,-0.9965789171167793,-0.08264660887385336
K_short,meson,weak,497.611,1.2032180447431181e+23,8.954e-11,10773614372629.879,13.032361426487812,pi,26.214150183451487,0.21415018345148695,1.3455452861921957,77.0940660425353,0.22335106799908713,0.9747380675974788
K_long,meson,weak,497.611,1.2032180447431181e+23,5.116e-08,6155663516905793.0,15.789274872247002,pi,31.759587479490687,0.759587479490687,4.7726288906534595,273.4514926166473,0.060203483311296935,-0.9981861252277485
eta,meson,electromagnetic,547.862,1.3247244221471272e+23,5.02e-19,66501.16599178579,4.82282926003031,pi,9.700956441755954,0.7009564417559542,4.404239215813894,252.3443190321435,-0.303296073973056,-0.9528963697656375
rho_770,meson,strong,775.26,1.8745703398187536e+23,4.41e-24,0.8266855198600702,-0.08265966936381419,pi,-0.1662671035514268,0.8337328964485732,5.238498285077954,300.1438427214863,0.5021726040010341,-0.8647674113834428
omega_782,meson,strong,782.66,1.892463460210182e+23,7.749999999999999e-23,14.666591816628907,1.1663292053773442,pi,2.3460313869876335,0.34603138698763347,2.174179326543672,124.57129931554806,-0.5674313471719381,0.8234207103581009
phi_1020,meson,strong,1019.461,2.4650457307251326e+23,1.55e-22,38.208208826239556,1.582156678747984,pi,3.182454156478059,0.18245415647805885,1.1463932752167845,65.68349633210119,0.4117768651770878,0.9112847048562434
D0,meson,weak,1864.84,4.509163058209639e+23,4.103e-13,185010960278.34146,11.267197457307917,pi,22.663583108749865,0.6635831087498651,4.169415638989706,238.88991914995145,-0.5166839759480073,-0.85617619039457
D_plus,meson,weak,1869.66,4.5208177663564874e+23,1.033e-12,467000475264.6251,11.669317322546195,pi,23.472433492355773,0.4724334923557727,2.9683871777893303,170.07605724807817,-0.9850373944380564,0.17234074259641863
Ds_plus,meson,weak,1968.35,4.759449124657848e+23,5.012e-13,238543590127.85135,11.377567751184174,pi,22.885589187677613,0.8855891876776134,5.5643209722130855,318.8121075639408,0.7525540842804561,-0.658530447460711
J_psi,meson,mixed,3096.9,7.488270883812783e+23,7.080000000000001e-21,5301.695785739452,3.7244148040524654,pi,7.49153325509121,0.49153325509120993,3.0883945263792456,176.95197183283557,-0.9985853133129403,0.05317303861635981
B_plus,meson,weak,5279.41,1.2765556584555537e+24,1.638e-12,2090998168550.197,12.320353652430827,pi,24.78197084847851,0.7819708484785117,4.91326774580294,281.50950545226425,0.1995305025913331,-0.979891615708416
B0,meson,weak,5279.72,1.2766306161220584e+24,1.517e-12,1936648644657.1626,12.287050836244319,pi,24.71498337042479,0.7149833704247897,4.4923730079307775,257.3940133529243,-0.21824521053006396,-0.9758939635435235
Bs0,meson,weak,5366.93,1.297717900302281e+24,1.516e-12,1967340336858.258,12.293879496489762,pi,24.728718987429854,0.7287189874298541,4.578676434882045,262.3388354747475,-0.13331445944015066,-0.991073788829157
Upsilon_1S,meson,mixed,9460.4,2.2875145425820157e+24,1.2190000000000001e-20,27884.802274074773,4.445367569337434,pi,8.941705134605153,0.9417051346051526,5.916907865446669,339.0138484578549,0.9336670171851156,-0.3581422915834559
W,boson,weak,80369.2,1.9433186099497117e+25,3.16e-25,6.140886807441088,0.7882310922760309,pi,1.5854999378848915,0.5854999378848915,3.6788046070729106,210.77997763856092,-0.8591387809976424,-0.511742664809067
Z,boson,weak,91188.0,2.204916030072395e+25,2.64e-25,5.820978319391123,0.7649959817301074,pi,1.5387633060921309,0.5387633060921309,3.3851496888855745,193.9547901931671,-0.9704863150824797,-0.24115619883724707
Higgs,boson,mixed,125200.0,3.027322531090317e+25,1.6000000000000002e-22,4843.716049744508,3.685178675832777,pi,7.412611122400998,0.41261112240099784,2.5925121418488275,148.54000406435924,-0.8530047663748388,0.5219031217973378
top,quark,weak,172560.0,4.172482236141734e+25,3.3e-25,13.769191379267722,1.1389084362748172,pi,2.290875445874887,0.290875445874887,1.827624327740401,104.71516051495932,-0.2540138756187476,0.9672005743345811
muon,lepton,weak,105.6583755,2.5548081529516867e+22,2.1969811e-06,5.612865226160765e+16,16.74918461424223,phi,80.14437884559985,0.14437884559984582,0.9071590413405013,51.976384415944494,0.6159862171741816,0.7877569296752914
tau,lepton,weak,1776.93,4.2965976239379536e+23,2.903e-13,124730229022.9188,11.09597171977255,phi,53.093913623313796,0.09391362331379582,0.5900766981492401,33.8089043929665,0.8308980047953902,0.5564247528885102
neutron,baryon,weak,939.56542194,2.2718590824858967e+23,878.4,1.9956010180556114e+26,26.300073716822478,phi,125.84511545928684,0.8451154592868448,5.310017036661431,304.24156534326414,0.5626832372277573,-0.8266725921082007
Lambda,baryon,weak,1115.683,2.6977094915770273e+23,2.617e-10,70599057394570.8,13.84879890259473,phi,66.26611452251248,0.26611452251248124,1.6720468578775334,95.80122810449325,-0.1010776218974184,0.9948785425123825
Sigma_plus,baryon,weak,1189.37,2.8758838648585384e+23,8.018e-11,23058836828435.76,13.362837396118582,phi,63.940802337089124,0.9408023370891243,5.911235421358602,338.68884135208475,0.9316204648701785,-0.36343267524408507
Xi_minus,baryon,weak,1321.71,3.195880561156057e+23,1.639e-10,52380482397347.77,13.719169493736818,phi,65.6458414350569,0.6458414350568944,4.0579414155172575,232.50291662048195,-0.6087210428614052,-0.7933843280388915
Omega_minus,baryon,weak,1672.45,4.043966107924921e+23,8.21e-11,33200961746063.605,13.521150664275083,phi,64.69832688718758,0.6983268871875765,4.387717237185437,251.39767938752752,-0.31899769586374466,-0.9477554906375494
Delta_1232,baryon,strong,1232.0,2.978962746248619e+23,5.5999999999999996e-24,1.6682191378992266,0.22225309913704822,phi,1.0634748489011223,0.06347484890112232,0.39882423799097605,22.850945604404036,0.9215182205451026,0.38833512486432104
pi0,meson,electromagnetic,134.9768,3.2637245033104756e+22,8.43e-17,2751319.756290731,6.439541066697468,phi,30.813023483086692,0.8130234830866918,5.108377203322273,292.688453911209,0.3857201271371421,-0.9226158374541957
pi_plus,meson,weak,139.57039,3.374797015335964e+22,2.6033e-08,878560907002411.5,14.943771874719356,phi,71.50552949851243,0.5055294985124306,3.1763355173991683,181.990619464475,-0.9993965274134583,-0.0347358747395362
K_plus,meson,weak,493.677,1.193705675064756e+23,1.238e-08,1477807625730168.0,15.169617903259415,phi,72.58619641388557,0.586196413885574,3.683180694847202,211.03070899880663,-0.8568911310235041,-0.515497419560234
K_short,meson,weak,497.611,1.2032180447431181e+23,8.954e-11,10773614372629.879,13.032361426487812,phi,62.3594840867109,0.35948408671089993,2.2587051317867988,129.41427121592397,-0.6349229657621233,0.7725754510388159
K_long,meson,weak,497.611,1.2032180447431181e+23,5.116e-08,6155663516905793.0,15.789274872247002,phi,75.55123763951208,0.551237639512081,3.463528237346665,198.44555022434918,-0.9486247703901185,-0.31640329486636987
eta,meson,electromagnetic,547.862,1.3247244221471272e+23,5.02e-19,66501.16599178579,4.82282926003031,phi,23.077102809819397,0.07710280981939732,0.48445124179949917,27.757011534983036,0.8849306515525367,0.46572281664398074
rho_770,meson,strong,775.26,1.8745703398187536e+23,4.41e-24,0.8266855198600702,-0.08265966936381419,phi,-0.3955242006892922,0.6044757993107077,3.798033460774675,217.61128775185477,-0.7921694242367958,-0.6103012398023974
omega_782,meson,strong,782.66,1.892463460210182e+23,7.749999999999999e-23,14.666591816628907,1.1663292053773442,phi,5.580852551769328,0.5808525517693282,3.6496042189148126,209.10691863695814,-0.8737134902116469,-0.486440887490127
phi_1020,meson,strong,1019.461,2.4650457307251326e+23,1.55e-22,38.208208826239556,1.582156678747984,phi,7.570575354865489,0.5705753548654888,3.5850306863296177,205.40712775157598,-0.9032819251704232,-0.4290475074632341
D0,meson,weak,1864.84,4.509163058209639e+23,4.103e-13,185010960278.34146,11.267197457307917,phi,53.913223977412045,0.913223977412045,5.737955477039463,328.7606318683362,0.8550081200944756,-0.5186146108359374
D_plus,meson,weak,1869.66,4.5208177663564874e+23,1.033e-12,467000475264.6251,11.669317322546195,phi,55.83735625986323,0.8373562598632276,5.261264548847483,301.44825355076193,0.5217282932450221,-0.8531117089969146
Ds_plus,meson,weak,1968.35,4.759449124657848e+23,5.012e-13,238543590127.85135,11.377567751184174,phi,54.44134273957538,0.44134273957538284,2.773038216730432,158.88338624713782,-0.9328491092434609,0.3602673165632454
J_psi,meson,mixed,3096.9,7.488270883812783e+23,7.080000000000001e-21,5301.695785739452,3.7244148040524654,phi,17.821220430057675,0.8212204300576751,5.159880140094085,295.639354820763,0.4327050896145399,-0.9015355264334695
B_plus,meson,weak,5279.41,1.2765556584555537e+24,1.638e-12,2090998168550.197,12.320353652430827,phi,58.95254684771762,0.9525468477176204,5.9850283579795835,342.91686517834336,0.9558795250102058,-0.2937589720608773
B0,meson,weak,5279.72,1.2766306161220584e+24,1.517e-12,1936648644657.1626,12.287050836244319,phi,58.79319380585029,0.7931938058502865,4.983783666664378,285.54977010610315,0.2680753348827296,-0.9633979524721403
Bs0,meson,weak,5366.93,1.297717900302281e+24,1.516e-12,1967340336858.258,12.293879496489762,phi,58.82586875369541,0.8258687536954099,5.189086418877716,297.31275133034757,0.4588473072874212,-0.888515136953267
Upsilon_1S,meson,mixed,9460.4,2.2875145425820157e+24,1.2190000000000001e-20,27884.802274074773,4.445367569337434,phi,21.270959201319975,0.2709592013199753,1.7024868725787845,97.54531247519111,-0.13131023735654151,0.9913413244515578
W,boson,weak,80369.2,1.9433186099497117e+25,3.16e-25,6.140886807441088,0.7882310922760309,phi,3.7716636798865,0.7716636798865002,4.84850589554699,277.79892475914005,0.13569697954773882,-0.9907503872023571
Z,boson,weak,91188.0,2.204916030072395e+25,2.64e-25,5.820978319391123,0.7649959817301074,phi,3.660484327279183,0.6604843272791832,4.149945420782957,237.77435782050594,-0.5332549283709824,-0.8459545976989891
Higgs,boson,mixed,125200.0,3.027322531090317e+25,1.6000000000000002e-22,4843.716049744508,3.685178675832777,phi,17.633476656441417,0.6334766564414167,3.98025122019396,228.05159631891001,-0.6684611141600902,-0.7437470933427913
top,quark,weak,172560.0,4.172482236141734e+25,3.3e-25,13.769191379267722,1.1389084362748172,phi,5.449644940306143,0.4496449403061433,2.825202482379202,161.8721785102116,-0.9503647623709308,0.31113794118307764
muon,lepton,weak,105.6583755,2.5548081529516867e+22,2.1969811e-06,5.612865226160765e+16,16.74918461424223,10,16.74918461424223,0.7491846142422283,4.707265760571775,269.7064611272022,-0.005123197401093733,-0.9999868763380795
tau,lepton,weak,1776.93,4.2965976239379536e+23,2.903e-13,124730229022.9188,11.09597171977255,10,11.095971719772548,0.09597171977254781,0.603008099579629,34.54981911811721,0.8236333825952055,0.567122606739301
neutron,baryon,weak,939.56542194,2.2718590824858967e+23,878.4,1.9956010180556114e+26,26.300073716822478,10,26.300073716822475,0.3000737168224745,1.8854187686097397,108.02653805609083,-0.30945746819865794,0.9509132848877844
Lambda,baryon,weak,1115.683,2.6977094915770273e+23,2.617e-10,70599057394570.8,13.84879890259473,10,13.84879890259473,0.84879890259473,5.333160793533365,305.5676049341028,0.5816631495091976,-0.8134297637184423
Sigma_plus,baryon,weak,1189.37,2.8758838648585384e+23,8.018e-11,23058836828435.76,13.362837396118582,10,13.36283739611858,0.36283739611858046,2.279774596187564,130.62146260268895,-0.6510585893807129,0.7590274785497533
Xi_minus,baryon,weak,1321.71,3.195880561156057e+23,1.639e-10,52380482397347.77,13.719169493736818,10,13.719169493736816,0.7191694937368158,4.518675196418942,258.9010177452537,-0.1925045357884272,-0.9812960836062081
Omega_minus,baryon,weak,1672.45,4.043966107924921e+23,8.21e-11,33200961746063.605,13.521150664275083,10,13.521150664275083,0.5211506642750834,3.274486196600085,187.61423913903002,-0.9911826413026716,-0.1325027229163964
Delta_1232,baryon,strong,1232.0,2.978962746248619e+23,5.5999999999999996e-24,1.6682191378992266,0.22225309913704822,10,0.22225309913704822,0.22225309913704822,1.3964574069730293,80.01111568933736,0.17345711640028355,0.9848414231591289
pi0,meson,electromagnetic,134.9768,3.2637245033104756e+22,8.43e-17,2751319.756290731,6.439541066697468,10,6.439541066697468,0.4395410666974682,2.7617179721755747,158.23478401108855,-0.9287111115128308,0.3708040875618854
pi_plus,meson,weak,139.57039,3.374797015335964e+22,2.6033e-08,878560907002411.5,14.943771874719356,10,14.943771874719356,0.9437718747193564,5.929893576565993,339.7578748989683,0.9382388983982022,-0.3459881060564481
K_plus,meson,weak,493.677,1.193705675064756e+23,1.238e-08,1477807625730168.0,15.169617903259415,10,15.169617903259413,0.16961790325941273,1.0657407175941505,61.06244517338858,0.4838561073289124,0.8751475689279563
K_short,meson,weak,497.611,1.2032180447431181e+23,8.954e-11,10773614372629.879,13.032361426487812,10,13.03236142648781,0.03236142648781026,0.20333283942758174,11.650113535611695,0.9793990028924574,0.20193462588981656
K_long,meson,weak,497.611,1.2032180447431181e+23,5.116e-08,6155663516905793.0,15.789274872247002,10,15.789274872247,0.7892748722470007,4.959160280628399,284.1389540089202,0.24427434785945706,-0.969706163215351
eta,meson,electromagnetic,547.862,1.3247244221471272e+23,5.02e-19,66501.16599178579,4.82282926003031,10,4.82282926003031,0.8228292600303098,5.169988716939893,296.2185336109115,0.4417960681256314,-0.8971155077183386
rho_770,meson,strong,775.26,1.8745703398187536e+23,4.41e-24,0.8266855198600702,-0.08265966936381419,10,-0.08265966936381419,0.9173403306361858,5.763819287136546,330.2425190290269,0.8681340173034223,-0.4963298580587523
omega_782,meson,strong,782.66,1.892463460210182e+23,7.749999999999999e-23,14.666591816628907,1.1663292053773442,10,1.1663292053773442,0.1663292053773442,1.0450772193817848,59.878513935843905,0.5018351358888379,0.8649632919306065
phi_1020,meson,strong,1019.461,2.4650457307251326e+23,1.55e-22,38.208208826239556,1.582156678747984,10,1.582156678747984,0.5821566787479839,3.657798290385799,209.5764043492742,-0.8696982717933062,-0.4935837477467594
D0,meson,weak,1864.84,4.509163058209639e+23,4.103e-13,185010960278.34146,11.267197457307917,10,11.267197457307915,0.26719745730791544,1.678851137872839,96.19108463084956,-0.10784466197838848,0.9941677569116628
D_plus,meson,weak,1869.66,4.5208177663564874e+23,1.033e-12,467000475264.6251,11.669317322546195,10,11.669317322546194,0.6693173225461937,4.205444766863025,240.95423611662974,-0.4855080509114021,-0.8742321959869765
Ds_plus,meson,weak,1968.35,4.759449124657848e+23,5.012e-13,238543590127.85135,11.377567751184174,10,11.377567751184172,0.37756775118417174,2.3723281467052257,135.92439042630184,-0.7184224780632787,0.6956070320327546
J_psi,meson,mixed,3096.9,7.488270883812783e+23,7.080000000000001e-21,5301.695785739452,3.7244148040524654,10,3.724414804052465,0.724414804052465,4.551632453125826,260.7893294588874,-0.16006502530200015,-0.9871064723093806
B_plus,meson,weak,5279.41,1.2765556584555537e+24,1.638e-12,2090998168550.197,12.320353652430827,10,12.320353652430827,0.3203536524308266,2.0128413620546857,115.32731487509757,-0.42778882215381325,0.9038787106909052
B0,meson,weak,5279.72,1.2766306161220584e+24,1.517e-12,1936648644657.1626,12.287050836244319,10,12.287050836244317,0.28705083624431715,1.803593596703907,103.33830104795418,-0.23070023576200008,0.973024871840056
Bs0,meson,weak,5366.93,1.297717900302281e+24,1.516e-12,1967340336858.258,12.293879496489762,10,12.293879496489762,0.29387949648976175,1.8464993344258058,105.79661873631423,-0.2722234620565699,0.9622340602503817
Upsilon_1S,meson,mixed,9460.4,2.2875145425820157e+24,1.2190000000000001e-20,27884.802274074773,4.445367569337434,10,4.445367569337434,0.44536756933743415,2.798326967955252,160.3323249614763,-0.9416605763633646,0.33656404876786217
W,boson,weak,80369.2,1.9433186099497117e+25,3.16e-25,6.140886807441088,0.7882310922760309,10,0.7882310922760308,0.7882310922760308,4.952602017650873,283.7631932193711,0.23790955221821986,-0.9712873132926869
Z,boson,weak,91188.0,2.204916030072395e+25,2.64e-25,5.820978319391123,0.7649959817301074,10,0.7649959817301073,0.7649959817301073,4.8066115124580335,275.39855342283863,0.0940831778036239,-0.9955643402886484
Higgs,boson,mixed,125200.0,3.027322531090317e+25,1.6000000000000002e-22,4843.716049744508,3.685178675832777,10,3.6851786758327765,0.6851786758327765,4.305104588785266,246.66432329979955,-0.396117320257614,-0.9181999066608136
top,quark,weak,172560.0,4.172482236141734e+25,3.3e-25,13.769191379267722,1.1389084362748172,10,1.1389084362748172,0.1389084362748172,0.8727874458452233,50.00703705893419,0.642693519376532,0.766123384417554
