name,family,dominant_interaction,compton_frequency_hz,lifetime_s,compton_cycles,log10_N,base,theta_rad,cylindrical_x,cylindrical_y,cylindrical_z,radial_x,radial_y,radial_z,conical_x,conical_y,conical_z,toroidal_x,toroidal_y,toroidal_z,spherical_x,spherical_y,spherical_z,landscape_x,landscape_y,landscape_z
muon,lepton,weak,2.5548081529516867e+22,2.1969811e-06,5.612865226160765e+16,16.74918461424223,10.0,4.707265760571775,-0.005123197401093733,-0.9999868763380795,16.74918461424223,-0.0032685339925595225,-0.6379787545813967,16.74918461424223,-0.08580937908612493,-16.748964803605908,16.74918461424223,-0.0038633790901482197,-0.7540854052671094,-0.2897082659900409,-0.004649308877403789,-0.907489502640161,-0.42004902871554856,22.407358293416852,-5.6581736791746255,4.707265760571775
tau,lepton,weak,4.2965976239379536e+23,2.903e-13,124730229022.9188,11.09597171977255,10.0,0.603008099579629,0.8236333825952055,0.567122606739301,11.09597171977255,0.3489818074968705,0.24029559334834355,11.09597171977255,9.139012720737004,6.292776406022973,11.09597171977255,0.5459262652408005,0.3759040529115826,0.17525473358155735,0.8000906141354075,0.5509119522163987,0.23738371906586803,23.633124683940874,-12.537152964168326,0.603008099579629
neutron,baryon,weak,2.2718590824858967e+23,878.4,1.9956010180556114e+26,26.300073716822478,10.0,1.8854187686097397,-0.30945746819865794,0.9509132848877844,26.300073716822478,-0.30945746819865794,0.9509132848877844,26.300073716822478,-8.138754225845952,25.009089490854542,26.300073716822478,-0.42705130611414793,1.3122603331451423,-9.307315673519885e-17,-3.789760979017303e-17,1.1645329106045203e-16,-1.0,23.35638138971646,2.9436923271060165,1.8854187686097397
Lambda,baryon,weak,2.6977094915770273e+23,2.617e-10,70599057394570.8,13.84879890259473,10.0,5.333160793533365,0.5816631495091976,-0.8134297637184423,13.84879890259473,0.30714846530894996,-0.42953331971185954,13.84879890259473,8.05533598660277,-11.265025219121855,13.84879890259473,0.36405561165018696,-0.5091154053937569,-0.06663130483769769,0.5794058359044005,-0.8102730121282171,-0.08801433483580395,23.43099517995485,-9.582196277360119,5.333160793533365
Sigma_plus,baryon,weak,2.8758838648585384e+23,8.018e-11,23058836828435.76,13.362837396118582,10.0,2.279774596187564,-0.6510585893807129,0.7590274785497533,13.362837396118582,-0.33180058430029397,0.3868250338611502,13.362837396118582,-8.699990065240803,10.142760775046238,13.362837396118582,-0.4041093005974559,0.4711251314305721,-0.02298450114120547,-0.6507605111574326,0.758679968255108,-0.030256617235662475,23.458771344204077,-10.095933948085497,2.279774596187564
Xi_minus,baryon,weak,3.195880561156057e+23,1.639e-10,52380482397347.77,13.719169493736818,10.0,4.518675196418942,-0.1925045357884272,-0.9812960836062081,13.719169493736818,-0.10070657490951998,-0.5133539692837104,13.719169493736818,-2.6410023547945576,-13.462567294533704,13.719169493736818,-0.12012454606966912,-0.6123375021806956,-0.055051814509477694,-0.19199614481753696,-0.9787045495073772,-0.07262840455885965,23.50459054016632,-9.785421046429502,4.518675196418942
Omega_minus,baryon,weak,4.043966107924921e+23,8.21e-11,33200961746063.605,13.521150664275083,10.0,3.274486196600085,-0.9911826413026716,-0.1325027229163964,13.521150664275083,-0.5110865679041725,-0.06832278842605276,13.521150664275083,-13.40192982886755,-1.7915892799792903,13.521150664275083,-0.616348784458784,-0.0823943931258392,-0.03726573559097914,-0.9899874820285763,-0.13234295230345638,-0.049093058596141916,23.606807507155644,-10.085656842880558,3.274486196600085
Delta_1232,baryon,strong,2.978962746248619e+23,5.5999999999999996e-24,1.6682191378992266,0.22225309913704822,10.0,1.3964574069730293,0.17345711640028355,0.9848414231591289,0.22225309913704822,0.002004693327397193,0.011382092995224228,0.22225309913704822,0.03855138168733873,0.21888405845565753,0.22225309913704822,0.23919711005874988,1.358094883476484,0.027570048873831562,0.0062965461702264485,0.03575004369934771,0.9993409267521375,23.47406507213085,-23.2518119729938,1.3964574069730293
pi0,meson,electromagnetic,3.2637245033104756e+22,8.43e-17,2751319.756290731,6.439541066697468,10.0,2.7617179721755747,-0.9287111115128308,0.3708040875618854,6.439541066697468,-0.22959108165300196,0.0916682383674824,6.439541066697468,-5.9804733416851255,2.387808149554045,6.439541066697468,-0.9348868191257792,0.37326984639483185,0.37994181221452467,-0.6509266639552492,0.2598938084249394,0.7132669111170593,22.513713492072725,-16.07417242537526,2.7617179721755747
pi_plus,meson,weak,3.374797015335964e+22,2.6033e-08,878560907002411.5,14.943771874719356,10.0,5.929893576565993,0.9382388983982022,-0.3459881060564481,14.943771874719356,0.5343791476192663,-0.1970594371183058,14.943771874719356,14.020828061650725,-5.170367328273767,14.943771874719356,0.6152175159129915,-0.22686966348004536,-0.16083526695198216,0.915927968926961,-0.3377606532773186,-0.21678029623333075,22.528247656346128,-7.584475781626771,5.929893576565993
K_plus,meson,weak,1.193705675064756e+23,1.238e-08,1477807625730168.0,15.169617903259415,10.0,1.0657407175941505,0.4838561073289124,0.8751475689279563,15.169617903259415,0.27972490742955336,0.5059367216773858,15.169617903259415,7.339912268338078,13.275654229603479,15.169617903259415,0.32169641396607074,0.5818503277129671,-0.17911159131710494,0.4693589082096872,0.8489265739393985,-0.24295243843955397,23.076897258575315,-7.907279355315901,1.0657407175941505
K_short,meson,weak,1.2032180447431181e+23,8.954e-11,10773614372629.879,13.032361426487812,10.0,0.20333283942758174,0.9793990028924574,0.20193462588981656,13.032361426487812,0.4868653446998802,0.10038296031579924,13.032361426487812,12.763881786436286,2.6316850291186924,13.032361426487812,0.6072888979858075,0.12521215159463325,0.006908817871891717,0.9793585308769727,0.20192628128125378,0.009090925498632847,23.080344336440387,-10.047982909952573,0.20333283942758174
K_long,meson,weak,1.2032180447431181e+23,5.116e-08,6155663516905793.0,15.789274872247002,10.0,4.959160280628399,0.24427434785945706,-0.969706163215351,15.789274872247002,0.14695620816340368,-0.5833782467441089,15.789274872247002,3.8569148225918486,-15.310957156319192,15.789274872247002,0.16973132212951883,-0.6737895755406166,-0.22644361429275722,0.23193559866705213,-0.9207245110562486,-0.3138028884685226,23.080344336440387,-7.2910694641933835,4.959160280628399
eta,meson,electromagnetic,1.3247244221471272e+23,5.02e-19,66501.16599178579,4.82282926003031,10.0,5.169988716939893,0.4417960681256314,-0.8971155077183386,4.82282926003031,0.08214560976365218,-0.1668056954934133,4.82282926003031,2.1307070043226393,-4.32663492025095,4.82282926003031,0.5075633833048221,-1.030663274674639,0.34962787960216596,0.2436403997885539,-0.4947386288074724,0.8341900531393165,23.12212554288529,-18.299296282854982,5.169988716939893
rho_770,meson,strong,1.8745703398187536e+23,4.41e-24,0.8266855198600702,-0.08265966936381419,10.0,5.763819287136546,0.8681340173034223,-0.4963298580587523,-0.08265966936381419,0.0,-0.0,-0.08265966936381419,-0.07175967083378064,0.041026461962525296,-0.08265966936381419,1.1980249438787227,-0.6849352041210781,0.0,0.0,-0.0,1.0,23.272901741168347,-23.35556141053216,5.763819287136546
omega_782,meson,strong,1.892463460210182e+23,7.749999999999999e-23,14.666591816628907,1.1663292053773442,10.0,1.0450772193817848,0.5018351358888379,0.8649632919306065,1.1663292053773442,0.023757451227838067,0.0409483548526653,1.1663292053773442,0.5853049752716598,1.008831948957996,1.1663292053773442,0.6841582078565661,1.179215430224566,0.11137275701860226,0.07436138443422503,0.12816931950933028,0.9889605705191389,23.277027502871032,-22.11069829749369,1.0450772193817848
phi_1020,meson,strong,2.4650457307251326e+23,1.55e-22,38.208208826239556,1.582156678747984,10.0,3.657798290385799,-0.8696982717933062,-0.4935837477467594,1.582156678747984,-0.05488013238098264,-0.03114636684466295,1.582156678747984,-1.3759989292133588,-0.7809268230189955,1.582156678747984,-1.1745459601242156,-0.66659531897599,0.1467476852972254,-0.1712839447853048,-0.09720954282414897,0.980414256854063,23.39182498057769,-21.80966830182971,3.657798290385799
D0,meson,weak,4.509163058209639e+23,4.103e-13,185010960278.34146,11.267197457307917,10.0,1.678851137872839,-0.10784466197838848,0.9941677569116628,11.267197457307917,-0.04639479493697194,0.4276911658743853,11.267197457307917,-1.2151071012271304,11.201484422812603,11.267197457307917,-0.07074205104490092,0.6521367392364136,0.1613635002407655,-0.10526218868781968,0.9703611852050025,0.21752940463347176,23.654095940341005,-12.386898483033088,1.678851137872839
D_plus,meson,weak,4.5208177663564874e+23,1.033e-12,467000475264.6251,11.669317322546195,10.0,4.205444766863025,-0.4855080509114021,-0.8742321959869765,11.669317322546195,-0.2162656674037157,-0.38941972017976123,11.669317322546195,-5.665547508736065,-10.201692908558426,11.669317322546195,-0.3117491983280655,-0.5613525578822149,0.12772702614699702,-0.47839395169816984,-0.8614221621142567,0.1705610905130718,23.655217001026575,-11.98589967848038,4.205444766863025
Ds_plus,meson,weak,4.759449124657848e+23,5.012e-13,238543590127.85135,11.377567751184174,10.0,2.3723281467052257,-0.7184224780632787,0.6956070320327546,11.377567751184174,-0.3120709617961602,0.30216030559599755,11.377567751184174,-8.17390041813858,7.914316135152806,11.377567751184174,-0.4682967395341167,0.45342471184378885,0.15226568462109433,-0.7032122522999551,0.6808798480667182,0.20468307382846065,23.67755668886206,-12.299988937677888,2.3723281467052257
J_psi,meson,mixed,7.488270883812783e+23,7.080000000000001e-21,5301.695785739452,3.7244148040524654,10.0,4.551632453125826,-0.16006502530200015,-0.9871064723093806,3.7244148040524654,-0.023097662512597733,-0.14244118675135753,3.7244148040524654,-0.5961485498458018,-3.6763939586450625,3.7244148040524654,-0.19755541545849473,-1.2183063031472374,0.2992342040383422,-0.07010338638201867,-0.43232121631777376,0.8989904788924598,23.874381546362695,-20.14996674231023,4.551632453125826
B_plus,meson,weak,1.2765556584555537e+24,1.638e-12,2090998168550.197,12.320353652430827,10.0,2.0128413620546857,-0.42778882215381325,0.9038787106909052,12.320353652430827,-0.20111147629861123,0.42493018164128976,12.320353652430827,-5.270509577491814,11.13610537461516,12.320353652430827,-0.2680857979734218,0.5664408064866007,0.07092675710790611,-0.4259052489531399,0.8998988925471193,0.0937374103900473,24.106039755006428,-11.7856861025756,2.0128413620546857
B0,meson,weak,1.2766306161220584e+24,1.517e-12,1936648644657.1626,12.287050836244319,10.0,1.803593596703907,-0.23070023576200008,0.973024871840056,12.287050836244319,-0.10816525672982955,0.45620883186121586,12.287050836244319,-2.8346255247412446,11.955606065228881,12.287050836244319,-0.14470722270248979,0.610331958956815,0.07388540213883012,-0.22959688908629075,0.9683712842345593,0.09768482170638342,24.106065255457587,-11.81901441921327,1.803593596703907
Bs0,meson,weak,1.297717900302281e+24,1.516e-12,1967340336858.258,12.293879496489762,10.0,1.8464993344258058,-0.2722234620565699,0.9622340602503817,12.293879496489762,-0.12770414235287159,0.4513985476441439,12.293879496489762,-3.3466824386407232,11.829589584136261,12.293879496489762,-0.17072018061373753,0.6034482528346442,0.0732791119854386,-0.2709430599926438,0.9577081958468626,0.09687553793177052,24.11318029519373,-11.819300798703965,1.8464993344258058
Upsilon_1S,meson,mixed,2.2875145425820157e+24,1.2190000000000001e-20,27884.802274074773,4.445367569337434,10.0,2.798326967955252,-0.9416605763633646,0.33656404876786217,4.445367569337434,-0.16161573090136844,0.0577639609240182,4.445367569337434,-4.186027387489298,1.4961509073975572,4.445367569337434,-1.110829647641578,0.3970276903228466,0.3348521664448016,-0.48348449935224386,0.17280483509984268,0.8581265803203081,24.359363863719054,-19.91399629438162,2.798326967955252
W,boson,weak,1.9433186099497117e+25,3.16e-25,6.140886807441088,0.7882310922760309,10.0,4.952602017650873,0.23790955221821986,-0.9712873132926869,0.7882310922760309,0.007853364854196802,-0.03206207392019066,0.7882310922760309,0.18752770620786885,-0.7655988598705461,0.7882310922760309,0.3263776201657467,-1.3324662202670978,0.07825086651534056,0.024627874743472392,-0.10054553114267177,0.9946276006389818,25.288544009657627,-24.500312917381596,4.952602017650873
Z,boson,weak,2.204916030072395e+25,2.64e-25,5.820978319391123,0.7649959817301074,10.0,4.8066115124580335,0.0940831778036239,-0.9955643402886484,0.7649959817301074,0.003022815573001708,-0.03198666820152605,0.7649959817301074,0.07197325296817152,-0.7616027198746013,0.7649959817301074,0.12910876423671855,-1.3661962180008378,0.07619199117068896,0.009480338051775401,-0.10031853428600498,0.9949102044250685,25.343392054860278,-24.57839607313017,4.8066115124580335
Higgs,boson,mixed,3.027322531090317e+25,1.6000000000000002e-22,4843.716049744508,3.685178675832777,10.0,4.305104588785266,-0.396117320257614,-0.9181999066608136,3.685178675832777,-0.0565713190750969,-0.131132311661231,3.685178675832777,-1.459763101741382,-3.3837307161780767,3.685178675832777,-0.4899993490242229,-1.1358184394595474,0.2970325552143941,-0.1718211136759853,-0.3982813234145982,0.9010269098724302,25.481058693176852,-21.795880017344075,4.305104588785266
top,quark,weak,4.172482236141734e+25,3.3e-25,13.769191379267722,1.1389084362748172,10.0,0.8727874458452233,0.642693519376532,0.766123384417554,1.1389084362748172,0.0297578682799441,0.0354728934901954,1.1389084362748172,0.731969071157085,0.8725443857405671,1.1389084362748172,0.8766546834940854,1.0450169992931047,0.1089978223012146,0.09315776642429595,0.1110487987602504,0.9894391314521281,25.62039449639693,-24.481486060122112,0.8727874458452233
