peak_rank,base,top_k,selected_gaps,midpoint_angles_deg,area,perimeter,symmetry_score,compactness
1,43.79139827965593,3,"[""B_plus -> K_long"", ""tau -> D0"", ""J_psi -> Xi_minus""]","[112.91980877844776, 202.59267730168622, 292.4173802583936]",0.9956050504404449,4.822199847770062,0.024192600770707527,0.5380300654941175
1,43.79139827965593,4,"[""B_plus -> K_long"", ""tau -> D0"", ""J_psi -> Xi_minus"", ""neutron -> pi_plus""]","[22.933353339482988, 112.91980877844776, 202.59267730168622, 292.4173802583936]",1.9999692219419118,5.656832470844038,0.7949210645505121,0.7853921243232299
1,43.79139827965593,5,"[""B_plus -> K_long"", ""tau -> D0"", ""J_psi -> Xi_minus"", ""neutron -> pi_plus"", ""K_long -> top""]","[22.933353339482988, 112.91980877844776, 202.59267730168622, 236.3992711984111, 292.4173802583936]",2.192774320596894,5.7655206450274585,0.044110928930647206,0.8289469489742493
1,43.79139827965593,6,"[""B_plus -> K_long"", ""tau -> D0"", ""J_psi -> Xi_minus"", ""neutron -> pi_plus"", ""K_long -> top"", ""electron -> Lambda""]","[22.933353339482988, 112.91980877844776, 144.86631909607394, 202.59267730168622, 236.3992711984111, 292.4173802583936]",2.3800999132954717,5.871166666244538,0.047242287734753266,0.8676733020376917
2,24.93130626125225,3,"[""Upsilon_1S -> K_long"", ""eta -> Z"", ""proton -> B0""]","[87.65963120783952, 180.10890981881175, 270.3608178478581]",1.0231019588739592,4.860879015180791,0.025510718912244268,0.5441255968333414
2,24.93130626125225,4,"[""Upsilon_1S -> K_long"", ""eta -> Z"", ""proton -> B0"", ""muon -> D0""]","[10.50059329616586, 87.65963120783952, 180.10890981881175, 270.3608178478581]",1.979224347582536,5.642290882632764,0.13476215275646913,0.7812570417536917
2,24.93130626125225,5,"[""Upsilon_1S -> K_long"", ""eta -> Z"", ""proton -> B0"", ""muon -> D0"", ""D0 -> phi_1020""]","[10.50059329616586, 35.9097678358965, 87.65963120783952, 180.10890981881175, 270.3608178478581]",2.0989266050613953,5.7077554475894505,0.03605372531196649,0.8096110035348717
2,24.93130626125225,6,"[""Upsilon_1S -> K_long"", ""eta -> Z"", ""proton -> B0"", ""muon -> D0"", ""D0 -> phi_1020"", ""electron -> eta""]","[10.50059329616586, 35.9097678358965, 87.65963120783952, 151.20890168989743, 180.10890981881175, 270.3608178478581]",2.2886835018408176,5.81586904437491,0.03899093844849602,0.8502886168680748
3,6.051690338067614,3,"[""J_psi -> rho_770"", ""Omega_minus -> K_plus"", ""Ds_plus -> neutron""]","[125.05468451812177, 213.97057328942984, 298.387851326572]",0.9394909890813028,4.741051793599945,0.022004836219763624,0.5252343046696626
3,6.051690338067614,4,"[""J_psi -> rho_770"", ""Omega_minus -> K_plus"", ""Ds_plus -> neutron"", ""phi_1020 -> Sigma_plus""]","[20.566706741787772, 125.05468451812177, 213.97057328942984, 298.387851326572]",1.9769878114326245,5.640158697081361,0.12130050313815295,0.7809643476240659
3,6.051690338067614,5,"[""J_psi -> rho_770"", ""Omega_minus -> K_plus"", ""Ds_plus -> neutron"", ""phi_1020 -> Sigma_plus"", ""omega_782 -> Xi_minus""]","[20.566706741787772, 125.05468451812177, 186.86995932299436, 213.97057328942984, 298.387851326572]",2.1455692363641363,5.735296934627621,0.043414753595334594,0.8196729105901908
3,6.051690338067614,6,"[""J_psi -> rho_770"", ""Omega_minus -> K_plus"", ""Ds_plus -> neutron"", ""phi_1020 -> Sigma_plus"", ""omega_782 -> Xi_minus"", ""D_plus -> Z""]","[20.566706741787772, 125.05468451812177, 186.86995932299436, 213.97057328942984, 298.387851326572, 342.56951067218716]",2.306499638112039,5.8240665299101195,0.040694226897673894,0.8544971135416926
4,31.48157631526305,3,"[""D_plus -> Sigma_plus"", ""pi0 -> tau"", ""phi_1020 -> K_plus""]","[32.8209353471432, 126.99153548571678, 307.75567555061235]",0.9901544418206315,4.816711941476367,0.02409091329996056,0.5363045171987318
4,31.48157631526305,4,"[""D_plus -> Sigma_plus"", ""pi0 -> tau"", ""phi_1020 -> K_plus"", ""Ds_plus -> electron""]","[32.8209353471432, 126.99153548571678, 225.12671431230947, 307.75567555061235]",1.9876591729542024,5.6481054032095415,0.13980364193168932,0.7829719355943534
4,31.48157631526305,5,"[""D_plus -> Sigma_plus"", ""pi0 -> tau"", ""phi_1020 -> K_plus"", ""Ds_plus -> electron"", ""K_short -> top""]","[32.8209353471432, 126.99153548571678, 225.12671431230947, 262.75862539719895, 307.75567555061235]",2.1506194604785724,5.738100272794798,0.039141370619123664,0.8207996618974018
4,31.48157631526305,6,"[""D_plus -> Sigma_plus"", ""pi0 -> tau"", ""phi_1020 -> K_plus"", ""Ds_plus -> electron"", ""K_short -> top"", ""Lambda -> pi0""]","[32.8209353471432, 97.75936893833276, 126.99153548571678, 225.12671431230947, 262.75862539719895, 307.75567555061235]",2.349044895579153,5.851738604937438,0.042171036827266466,0.8620477943870181
5,9.70266053210642,3,"[""tau -> K_plus"", ""Lambda -> proton"", ""Sigma_plus -> phi_1020""]","[24.19057539570712, 110.6069801824679, 205.8323137379761]",1.0112693559952035,4.846306449271329,0.025059197485168987,0.5410718825989761
5,9.70266053210642,4,"[""tau -> K_plus"", ""Lambda -> proton"", ""Sigma_plus -> phi_1020"", ""D_plus -> eta""]","[24.19057539570712, 110.6069801824679, 205.8323137379761, 308.01899636027446]",1.9711848591266266,5.636533394280508,0.10302896832975894,0.7796739963885266
5,9.70266053210642,5,"[""tau -> K_plus"", ""Lambda -> proton"", ""Sigma_plus -> phi_1020"", ""D_plus -> eta"", ""rho_770 -> muon""]","[24.19057539570712, 110.6069801824679, 205.8323137379761, 308.01899636027446, 339.824039065418]",2.0988152032123923,5.705995899761227,0.03554750648048167,0.8100674000193926
5,9.70266053210642,6,"[""tau -> K_plus"", ""Lambda -> proton"", ""Sigma_plus -> phi_1020"", ""D_plus -> eta"", ""rho_770 -> muon"", ""neutron -> Omega_minus""]","[24.19057539570712, 110.6069801824679, 205.8323137379761, 243.03266811936922, 308.01899636027446, 339.824039065418]",2.3654881893041253,5.861978013973,0.04308607357948608,0.8650521254670903
6,2.390958191638328,3,"[""J_psi -> top"", ""Delta_1232 -> K_long"", ""proton -> K_short""]","[133.90760477350483, 233.01726262633775, 332.3691785389937]",1.1453822965777907,5.020948356164273,0.0348525755060532,0.5709378318682822
6,2.390958191638328,4,"[""J_psi -> top"", ""Delta_1232 -> K_long"", ""proton -> K_short"", ""W -> phi_1020""]","[47.05065076711076, 133.90760477350483, 233.01726262633775, 332.3691785389937]",1.9685319067732583,5.63485264667932,0.09774419225627999,0.7790892201148615
6,2.390958191638328,5,"[""J_psi -> top"", ""Delta_1232 -> K_long"", ""proton -> K_short"", ""W -> phi_1020"", ""Bs0 -> B_plus""]","[47.05065076711076, 133.90760477350483, 183.35412110227577, 233.01726262633775, 332.3691785389937]",2.235864083843062,5.7891745357124496,0.052753364646248836,0.8383434535501814
6,2.390958191638328,6,"[""J_psi -> top"", ""Delta_1232 -> K_long"", ""proton -> K_short"", ""W -> phi_1020"", ""Bs0 -> B_plus"", ""phi_1020 -> Xi_minus""]","[47.05065076711076, 75.33690103740582, 133.90760477350483, 183.35412110227577, 233.01726262633775, 332.3691785389937]",2.400196796717878,5.881286294991924,0.05260076768708237,0.871991143481561
7,14.964352870574114,3,"[""Lambda -> K_plus"", ""muon -> phi_1020"", ""electron -> K_short""]","[17.537266112279752, 108.06700557946387, 305.1552935644286]",0.8296038999584483,4.579496921088449,0.0190868135502198,0.4971015373894607
7,14.964352870574114,4,"[""Lambda -> K_plus"", ""muon -> phi_1020"", ""electron -> K_short"", ""proton -> D0""]","[17.537266112279752, 108.06700557946387, 198.92276360671298, 305.1552935644286]",1.9565381688568961,5.626138918804237,0.10194704869683192,0.7767428887318542
7,14.964352870574114,5,"[""Lambda -> K_plus"", ""muon -> phi_1020"", ""electron -> K_short"", ""proton -> D0"", ""pi_plus -> Upsilon_1S""]","[17.537266112279752, 108.06700557946387, 198.92276360671298, 270.1046895163656, 305.1552935644286]",2.2368942262340097,5.792672076099711,0.06208485403663995,0.8377171857961188
7,14.964352870574114,6,"[""Lambda -> K_plus"", ""muon -> phi_1020"", ""electron -> K_short"", ""proton -> D0"", ""pi_plus -> Upsilon_1S"", ""Delta_1232 -> muon""]","[17.537266112279752, 79.75162310741744, 108.06700557946387, 198.92276360671298, 270.1046895163656, 305.1552935644286]",2.416426792342909,5.8944000714603995,0.050306860547154664,0.8739856208103544
8,20.196759351870373,3,"[""Sigma_plus -> Omega_minus"", ""K_short -> K_long"", ""Ds_plus -> Higgs""]","[14.540185698825882, 107.33603707893998, 277.1718288526971]",1.0835108540384448,4.942595058950356,0.029219379855105313,0.5573564981466075
8,20.196759351870373,4,"[""Sigma_plus -> Omega_minus"", ""K_short -> K_long"", ""Ds_plus -> Higgs"", ""Xi_minus -> Z""]","[14.540185698825882, 107.33603707893998, 197.38478210835981, 277.1718288526971]",1.9873534999759332,5.647998324465881,0.16376055472681597,0.7828812099215552
8,20.196759351870373,5,"[""Sigma_plus -> Omega_minus"", ""K_short -> K_long"", ""Ds_plus -> Higgs"", ""Xi_minus -> Z"", ""D0 -> eta""]","[14.540185698825882, 107.33603707893998, 197.38478210835981, 238.83508327512223, 277.1718288526971]",2.13640190325354,5.729733977007617,0.03747398185805536,0.8177563075672779
8,20.196759351870373,6,"[""Sigma_plus -> Omega_minus"", ""K_short -> K_long"", ""Ds_plus -> Higgs"", ""Xi_minus -> Z"", ""D0 -> eta"", ""K_long -> neutron""]","[14.540185698825882, 44.17453135671529, 107.33603707893998, 197.38478210835981, 238.83508327512223, 277.1718288526971]",2.3303699104230287,5.840310757068758,0.04077272046788214,0.8585445108814436
9,9.761232246449287,3,"[""Delta_1232 -> K_plus"", ""electron -> pi_plus"", ""pi0 -> neutron""]","[20.006275437474557, 99.92296324103297, 195.6371818455751]",0.9517019593998173,4.765954988176012,0.022772440278189428,0.5265152501728888
9,9.761232246449287,4,"[""Delta_1232 -> K_plus"", ""electron -> pi_plus"", ""pi0 -> neutron"", ""W -> Xi_minus""]","[20.006275437474557, 99.92296324103297, 195.6371818455751, 299.0296560690674]",1.970007919561453,5.635465622435613,0.09475667345400263,0.779503781577714
9,9.761232246449287,5,"[""Delta_1232 -> K_plus"", ""electron -> pi_plus"", ""pi0 -> neutron"", ""W -> Xi_minus"", ""phi_1020 -> Omega_minus""]","[20.006275437474557, 99.92296324103297, 195.6371818455751, 227.43057838992317, 299.0296560690674]",2.2214691498966515,5.783704180101103,0.05799451383411168,0.8345224158292601
9,9.761232246449287,6,"[""Delta_1232 -> K_plus"", ""electron -> pi_plus"", ""pi0 -> neutron"", ""W -> Xi_minus"", ""phi_1020 -> Omega_minus"", ""Omega_minus -> Higgs""]","[20.006275437474557, 99.92296324103297, 195.6371818455751, 227.43057838992317, 249.9896305624589, 299.0296560690674]",2.3164352514996196,5.83501544217669,0.03768487929674239,0.8549604204664724
10,31.16919383876775,3,"[""D_plus -> rho_770"", ""pi0 -> tau"", ""phi_1020 -> Delta_1232""]","[37.43870934739213, 133.10053556896136, 316.2393224841984]",0.9642967483192755,4.783123896017878,0.023205881044255975,0.5296601576326367
10,31.16919383876775,4,"[""D_plus -> rho_770"", ""pi0 -> tau"", ""phi_1020 -> Delta_1232"", ""Ds_plus -> proton""]","[37.43870934739213, 133.10053556896136, 232.13753626578765, 316.2393224841984]",1.9828206994765951,5.644686260444709,0.11976889213677579,0.7820124937526932
10,31.16919383876775,5,"[""D_plus -> rho_770"", ""pi0 -> tau"", ""phi_1020 -> Delta_1232"", ""Ds_plus -> proton"", ""proton -> K_short""]","[37.43870934739213, 133.10053556896136, 232.13753626578765, 251.54689737886864, 316.2393224841984]",2.103638326564301,5.712313041866825,0.040065249443688895,0.8101341509920894
10,31.16919383876775,6,"[""D_plus -> rho_770"", ""pi0 -> tau"", ""phi_1020 -> Delta_1232"", ""Ds_plus -> proton"", ""proton -> K_short"", ""pi_plus -> Omega_minus""]","[10.138815700210166, 37.43870934739213, 133.10053556896136, 232.13753626578765, 251.54689737886864, 316.2393224841984]",2.242841243150517,5.789169037302088,0.03641163262255225,0.8409611562739688
11,11.450050010001998,3,"[""K_plus -> tau"", ""pi_plus -> Upsilon_1S"", ""D0 -> Z""]","[56.20396892472374, 145.21832551592266, 245.50407629277305]",1.07269359104457,4.930703997886789,0.028735691289178522,0.5544567650598627
11,11.450050010001998,4,"[""K_plus -> tau"", ""pi_plus -> Upsilon_1S"", ""D0 -> Z"", ""neutron -> K_long""]","[56.20396892472374, 145.21832551592266, 245.50407629277305, 315.2983704633917]",1.9520901871470857,5.623697825231719,0.08623905316846249,0.7756499850208572
11,11.450050010001998,5,"[""K_plus -> tau"", ""pi_plus -> Upsilon_1S"", ""D0 -> Z"", ""neutron -> K_long"", ""Delta_1232 -> electron""]","[56.20396892472374, 87.72199452446063, 145.21832551592266, 245.50407629277305, 315.2983704633917]",2.1352260797583495,5.72680567091528,0.04188211578237935,0.8181422798251271
11,11.450050010001998,6,"[""K_plus -> tau"", ""pi_plus -> Upsilon_1S"", ""D0 -> Z"", ""neutron -> K_long"", ""Delta_1232 -> electron"", ""Xi_minus -> D_plus""]","[56.20396892472374, 87.72199452446063, 145.21832551592266, 245.50407629277305, 315.2983704633917, 356.1085746111658]",2.4044620076118153,5.883357597309632,0.05641702337941461,0.8729257225619549
12,42.200200040008,3,"[""B_plus -> top"", ""K_short -> Delta_1232"", ""K_plus -> Xi_minus""]","[27.919347589211384, 139.36953779068727, 230.5836141887793]",1.1579209763392557,5.042816534852583,0.03862422229892307,0.5721928796498811
12,42.200200040008,4,"[""B_plus -> top"", ""K_short -> Delta_1232"", ""K_plus -> Xi_minus"", ""tau -> D0""]","[27.919347589211384, 139.36953779068727, 230.5836141887793, 316.67170138993873]",1.9375491898462072,5.61185002108712,0.08108897103938362,0.7731263751063837
12,42.200200040008,5,"[""B_plus -> top"", ""K_short -> Delta_1232"", ""K_plus -> Xi_minus"", ""tau -> D0"", ""Upsilon_1S -> tau""]","[27.919347589211384, 139.36953779068727, 230.5836141887793, 281.169075556908, 316.67170138993873]",2.1153705086047214,5.710987869662082,0.04087353840710747,0.8150304489196353
12,42.200200040008,6,"[""B_plus -> top"", ""K_short -> Delta_1232"", ""K_plus -> Xi_minus"", ""tau -> D0"", ""Upsilon_1S -> tau"", ""Sigma_plus -> Higgs""]","[27.919347589211384, 88.03020877360989, 139.36953779068727, 230.5836141887793, 281.169075556908, 316.67170138993873]",2.473927908144977,5.9263368868039175,0.06582905227332123,0.8851649986254332
13,43.87925585117024,3,"[""B_plus -> K_long"", ""tau -> D0"", ""neutron -> pi_plus""]","[20.536078260105196, 200.9588211229934, 291.1175337626263]",0.9962832409010474,4.82317676890087,0.024223733165718433,0.5381784837052956
13,43.87925585117024,4,"[""B_plus -> K_long"", ""tau -> D0"", ""neutron -> pi_plus"", ""J_psi -> electron""]","[20.536078260105196, 111.09833999415365, 200.9588211229934, 291.1175337626263]",1.9999467773577315,5.656816617929481,0.7350308107805142,0.7853877122801938
13,43.87925585117024,5,"[""B_plus -> K_long"", ""tau -> D0"", ""neutron -> pi_plus"", ""J_psi -> electron"", ""K_long -> top""]","[20.536078260105196, 111.09833999415365, 200.9588211229934, 235.41533016666145, 291.1175337626263]",2.195898935347115,5.767354690704801,0.044372433026061954,0.8296002795570349
13,43.87925585117024,6,"[""B_plus -> K_long"", ""tau -> D0"", ""neutron -> pi_plus"", ""J_psi -> electron"", ""K_long -> top"", ""Xi_minus -> Lambda""]","[20.536078260105196, 111.09833999415365, 141.5901052036776, 200.9588211229934, 235.41533016666145, 291.1175337626263]",2.379839656556517,5.8712308086748894,0.047633559801878826,0.8675594683234197
14,2.0590518103620723,3,"[""Higgs -> electron"", ""Z -> W"", ""D_plus -> Ds_plus""]","[85.60448437544437, 171.32943083244814, 286.31915057578914]",1.1286577830442266,5.014579598610912,0.03677792628517557,0.5640311451361858
14,2.0590518103620723,4,"[""Higgs -> electron"", ""Z -> W"", ""D_plus -> Ds_plus"", ""proton -> phi_1020""]","[3.515194756287522, 85.60448437544437, 171.32943083244814, 286.31915057578914]",1.9346095470334768,5.608167377410391,0.07410228853871104,0.7729675409120095
14,2.0590518103620723,5,"[""Higgs -> electron"", ""Z -> W"", ""D_plus -> Ds_plus"", ""proton -> phi_1020"", ""pi_plus -> Delta_1232""]","[3.515194756287522, 85.60448437544437, 171.32943083244814, 243.12179987451302, 286.31915057578914]",2.2986396683579,5.830323835643015,0.07933918643810474,0.849758281968236
14,2.0590518103620723,6,"[""Higgs -> electron"", ""Z -> W"", ""D_plus -> Ds_plus"", ""proton -> phi_1020"", ""pi_plus -> Delta_1232"", ""phi_1020 -> Omega_minus""]","[3.515194756287522, 27.13088062684948, 85.60448437544437, 171.32943083244814, 243.12179987451302, 286.31915057578914]",2.429897415874017,5.903130619641865,0.05198103206357135,0.8762600602882167
15,3.074294858971794,3,"[""D_plus -> D0"", ""Delta_1232 -> Higgs"", ""tau -> rho_770""]","[4.603981136418987, 182.017798949963, 284.40672971242105]",1.0036177733332823,4.846256106194395,0.02546091996188977,0.5369891185589435
15,3.074294858971794,4,"[""D_plus -> D0"", ""Delta_1232 -> Higgs"", ""tau -> rho_770"", ""B_plus -> Ds_plus""]","[4.603981136418987, 105.5972183657694, 182.017798949963, 284.40672971242105]",1.9579042884507707,5.6270385665189515,0.07879547565225548,0.7770367123090438
15,3.074294858971794,5,"[""D_plus -> D0"", ""Delta_1232 -> Higgs"", ""tau -> rho_770"", ""B_plus -> Ds_plus"", ""electron -> K_short""]","[4.603981136418987, 105.5972183657694, 182.017798949963, 247.54992318462885, 284.40672971242105]",2.2245528321744903,5.783142918860932,0.05667511677255615,0.8358430549003512
15,3.074294858971794,6,"[""D_plus -> D0"", ""Delta_1232 -> Higgs"", ""tau -> rho_770"", ""B_plus -> Ds_plus"", ""electron -> K_short"", ""Xi_minus -> B0""]","[4.603981136418987, 57.46318271591108, 105.5972183657694, 182.017798949963, 247.54992318462885, 284.40672971242105]",2.504659149290199,5.9457744217570685,0.06644524711969332,0.8903107962160245
16,5.963832766553311,3,"[""proton -> eta"", ""K_long -> Omega_minus"", ""neutron -> Z""]","[60.493918350354384, 142.97023190046005, 341.8215741746624]",0.8243984649912499,4.559117134153404,0.018668014217873136,0.49840861184814506
16,5.963832766553311,4,"[""proton -> eta"", ""K_long -> Omega_minus"", ""neutron -> Z"", ""muon -> Ds_plus""]","[60.493918350354384, 142.97023190046005, 228.23886243503213, 341.8215741746624]",1.9424933221744316,5.614116166586341,0.07817779523746866,0.7744735834513186
16,5.963832766553311,5,"[""proton -> eta"", ""K_long -> Omega_minus"", ""neutron -> Z"", ""muon -> Ds_plus"", ""D_plus -> proton""]","[29.568577956408113, 60.493918350354384, 142.97023190046005, 228.23886243503213, 341.8215741746624]",2.0792851735846423,5.689036003481142,0.03685812180323137,0.8073215704782278
16,5.963832766553311,6,"[""proton -> eta"", ""K_long -> Omega_minus"", ""neutron -> Z"", ""muon -> Ds_plus"", ""D_plus -> proton"", ""tau -> K_long""]","[29.568577956408113, 60.493918350354384, 120.08450559379926, 142.97023190046005, 228.23886243503213, 341.8215741746624]",2.209252252533095,5.761241833932388,0.036651811890267935,0.8364172083759758
17,18.05889177835567,3,"[""K_short -> Upsilon_1S"", ""Sigma_plus -> Omega_minus"", ""Delta_1232 -> phi_1020""]","[78.45154883846006, 163.39262428764533, 250.68205588393516]",0.9298988379123878,4.726195711650847,0.021654554350278608,0.5231451042483793
17,18.05889177835567,4,"[""K_short -> Upsilon_1S"", ""Sigma_plus -> Omega_minus"", ""Delta_1232 -> phi_1020"", ""D0 -> Lambda""]","[78.45154883846006, 163.39262428764533, 250.68205588393516, 357.4467880829423]",1.9700921344957674,5.635018162916046,0.10658292262256858,0.779660910434485
17,18.05889177835567,5,"[""K_short -> Upsilon_1S"", ""Sigma_plus -> Omega_minus"", ""Delta_1232 -> phi_1020"", ""D0 -> Lambda"", ""K_plus -> pi0""]","[35.15093152953469, 78.45154883846006, 163.39262428764533, 250.68205588393516, 357.4467880829423]",2.124946692412839,5.7201922868377855,0.038170713304335566,0.8160873528340207
17,18.05889177835567,6,"[""K_short -> Upsilon_1S"", ""Sigma_plus -> Omega_minus"", ""Delta_1232 -> phi_1020"", ""D0 -> Lambda"", ""K_plus -> pi0"", ""pi0 -> Delta_1232""]","[35.15093152953469, 54.190695098665735, 78.45154883846006, 163.39262428764533, 250.68205588393516, 357.4467880829423]",2.1505915125937682,5.733365929470935,0.029413137536831595,0.8221450927758365
18,34.73230646129226,3,"[""Omega_minus -> K_plus"", ""K_long -> D0"", ""W -> D_plus""]","[100.93901130787378, 195.38377250512409, 291.8696940569479]",1.0901067118259373,4.950849526776397,0.029662255326821433,0.5588811011328122
18,34.73230646129226,4,"[""Omega_minus -> K_plus"", ""K_long -> D0"", ""W -> D_plus"", ""neutron -> eta""]","[36.00978599201764, 100.93901130787378, 195.38377250512409, 291.8696940569479]",1.9330392608846982,5.611024411904761,0.07388041248673453,0.7715538140481414
18,34.73230646129226,5,"[""Omega_minus -> K_plus"", ""K_long -> D0"", ""W -> D_plus"", ""neutron -> eta"", ""electron -> Sigma_plus""]","[36.00978599201764, 100.93901130787378, 195.38377250512409, 231.4468881437565, 291.8696940569479]",2.165423218832476,5.744538733825343,0.043794454444949074,0.8245980985219579
18,34.73230646129226,6,"[""Omega_minus -> K_plus"", ""K_long -> D0"", ""W -> D_plus"", ""neutron -> eta"", ""electron -> Sigma_plus"", ""tau -> K_long""]","[36.00978599201764, 80.93514284626747, 100.93901130787378, 195.38377250512409, 231.4468881437565, 291.8696940569479]",2.2366649773321585,5.782507470306213,0.03658194899009496,0.8405787300593527
19,2.7131026205241047,3,"[""Upsilon_1S -> B0"", ""Delta_1232 -> J_psi"", ""omega_782 -> Z""]","[108.25840665275933, 198.88254356915417, 261.9968268796707]",0.7246905075523553,4.416300592302004,0.01709176161001563,0.4669229120157237
19,2.7131026205241047,4,"[""Upsilon_1S -> B0"", ""Delta_1232 -> J_psi"", ""omega_782 -> Z"", ""K_plus -> K_short""]","[11.076977180726702, 108.25840665275933, 198.88254356915417, 261.9968268796707]",1.9145342241943142,5.597643290193073,0.0692383720819414,0.7678255491375509
19,2.7131026205241047,5,"[""Upsilon_1S -> B0"", ""Delta_1232 -> J_psi"", ""omega_782 -> Z"", ""K_plus -> K_short"", ""pi0 -> D_plus""]","[11.076977180726702, 108.25840665275933, 198.88254356915417, 261.9968268796707, 319.83511815439516]",2.2551754367632686,5.800580406201558,0.053989189529161916,0.842262168444592
19,2.7131026205241047,6,"[""Upsilon_1S -> B0"", ""Delta_1232 -> J_psi"", ""omega_782 -> Z"", ""K_plus -> K_short"", ""pi0 -> D_plus"", ""Bs0 -> B_plus""]","[11.076977180726702, 108.25840665275933, 141.23928859238168, 198.88254356915417, 261.9968268796707, 319.83511815439516]",2.449750785049118,5.91056476105355,0.06929092529478308,0.8811986216466849
20,3.679535907181436,3,"[""Ds_plus -> Xi_minus"", ""D0 -> top"", ""D_plus -> electron""]","[64.21391150567779, 238.75808184058948, 346.84784306780466]",1.0107184962402855,4.866711018735302,0.026764603544601005,0.5362520426761996
20,3.679535907181436,4,"[""Ds_plus -> Xi_minus"", ""D0 -> top"", ""D_plus -> electron"", ""pi_plus -> Lambda""]","[64.21391150567779, 159.997250031644, 238.75808184058948, 346.84784306780466]",1.951045417761482,5.62166681565842,0.07730036288961,0.7757951115754628
20,3.679535907181436,5,"[""Ds_plus -> Xi_minus"", ""D0 -> top"", ""D_plus -> electron"", ""pi_plus -> Lambda"", ""eta -> J_psi""]","[64.21391150567779, 159.997250031644, 199.19908534305043, 238.75808184058948, 346.84784306780466]",2.095097613984991,5.70046988988116,0.0369062695448059,0.8102010732977687
20,3.679535907181436,6,"[""Ds_plus -> Xi_minus"", ""D0 -> top"", ""D_plus -> electron"", ""pi_plus -> Lambda"", ""eta -> J_psi"", ""proton -> Z""]","[64.21391150567779, 117.10676918586934, 159.997250031644, 199.19908534305043, 238.75808184058948, 346.84784306780466]",2.3366965286362276,5.838658557326808,0.043823879057154506,0.8613626183110868
