name,family,dominant_interaction,base_name,base_value,theta_rad,theta_deg,x,y,z_log10_N,N,compton_frequency_hz,lifetime_s
muon,lepton,weak,2,2.0,4.018643242121088,230.25129714230815,-0.6394215956957574,-0.7688563083944173,16.74918461424223,5.612865226160765e+16,2.5548081529516867e+22,2.1969811e-06
tau,lepton,weak,2,2.0,5.403666259309953,309.60727055570544,0.6375217589987606,-0.7704323505689037,11.09597171977255,124730229022.9188,4.2965976239379536e+23,2.903e-13
neutron,baryon,weak,2,2.0,2.305638583335808,132.10335990766396,-0.6704701283461795,0.7419365249099532,26.300073716822478,1.9956010180556114e+26,2.2718590824858967e+23,878.4
Lambda,baryon,weak,2,2.0,0.029619909272889527,1.6970957908969808,0.9995613625582186,0.02961557834582313,13.84879890259473,70599057394570.8,2.6977094915770273e+23,2.617e-10
Sigma_plus,baryon,weak,2,2.0,2.452861130127739,140.53859048800888,-0.7720528267817983,0.635558362904804,13.362837396118582,23058836828435.76,2.8758838648585384e+23,8.018e-11
Xi_minus,baryon,weak,2,2.0,3.6071426285169763,206.67404871574888,-0.8935748091433982,-0.44891431305354873,13.719169493736818,52380482397347.77,3.195880561156057e+23,1.639e-10
Omega_minus,baryon,weak,2,2.0,5.757221541848439,329.86449606971604,0.8648404881050192,-0.50204674098561,13.521150664275083,33200961746063.605,4.043966107924921e+23,8.21e-11
Delta_1232,baryon,strong,2,2.0,4.638931093537262,265.79117311169284,-0.07339184079459846,-0.997303182439914,0.22225309913704822,1.6682191378992266,2.978962746248619e+23,5.5999999999999996e-24
pi0,meson,electromagnetic,2,2.0,2.461075854974203,141.0092595515725,-0.7772476555637144,0.6291947885358791,6.439541066697468,2751319.756290731,3.2637245033104756e+22,8.43e-17
pi_plus,meson,weak,2,2.0,4.03465718213387,231.16882831841625,-0.6270277162426132,-0.7789969467613932,14.943771874719356,878560907002411.5,3.374797015335964e+22,2.6033e-08
K_plus,meson,weak,2,2.0,2.4653956322123847,141.256764555757,-0.7799583765423884,0.6258313917193367,15.169617903259415,1477807625730168.0,1.193705675064756e+23,1.238e-08
K_short,meson,weak,2,2.0,1.8382562281290602,105.324323535433,-0.2642825056646823,0.9644453106317626,13.032361426487812,10773614372629.879,1.2032180447431181e+23,8.954e-11
K_long,meson,weak,2,2.0,2.8326848494808075,162.30088656590112,-0.952666185593286,0.30401831988736944,15.789274872247002,6155663516905793.0,1.2032180447431181e+23,5.116e-08
eta,meson,electromagnetic,2,2.0,0.13252504339332627,7.593125666225689,0.9912314012068884,0.13213746350459712,4.82282926003031,66501.16599178579,1.3247244221471272e+23,5.02e-19
rho_770,meson,strong,2,2.0,4.557888733668779,261.1477879294484,-0.15388631802600125,-0.9880885593530574,-0.08265966936381419,0.8266855198600702,1.8745703398187536e+23,4.41e-24
omega_782,meson,strong,2,2.0,5.494405252155709,314.80623188303497,0.7047113835888696,-0.7094940914766388,1.1663292053773442,14.666591816628907,1.892463460210182e+23,7.749999999999999e-23
phi_1020,meson,strong,2,2.0,1.6073061676689722,92.09185979277876,-0.03650173033679582,0.9993335897899259,1.582156678747984,38.208208826239556,2.4650457307251326e+23,1.55e-22
D0,meson,weak,2,2.0,2.6943541667256152,154.3751222668655,-0.9016448304798174,0.4324772822577174,11.267197457307917,185010960278.34146,4.509163058209639e+23,4.103e-13
D_plus,meson,weak,2,2.0,4.804331220051948,275.2679022919142,0.09181275736246218,-0.9957762889251288,11.669317322546195,467000475264.6251,4.5208177663564874e+23,1.033e-12
Ds_plus,meson,weak,2,2.0,4.998034925524325,286.36630709152655,0.2817772813766293,-0.9594798401738287,11.377567751184174,238543590127.85135,4.759449124657848e+23,5.012e-13
J_psi,meson,mixed,2,2.0,2.338841429394785,134.0057428546659,-0.6947304676366362,0.7192701699204416,3.7244148040524654,5301.695785739452,7.488270883812783e+23,7.080000000000001e-21
B_plus,meson,weak,2,2.0,5.826579551617586,333.83841730491525,0.8975542013663926,-0.440904134262242,12.320353652430827,2090998168550.197,1.2765556584555537e+24,1.638e-12
B0,meson,weak,2,2.0,5.131473521106414,294.0117754425333,0.4069243865690151,-0.913461845736006,12.287050836244319,1936648644657.1626,1.2766306161220584e+24,1.517e-12
Bs0,meson,weak,2,2.0,5.274003296676659,302.17813003765514,0.5325532429159837,-0.8463965048720778,12.293879496489762,1967340336858.258,1.297717900302281e+24,1.516e-12
Upsilon_1S,meson,mixed,2,2.0,4.820405862230719,276.18891144594073,0.1078069538814107,-0.9941718466617385,4.445367569337434,27884.802274074773,2.2875145425820157e+24,1.2190000000000001e-20
W,boson,weak,2,2.0,3.8858171708711033,222.64092385038006,-0.7356134367202509,-0.6774015586907233,0.7882310922760309,6.140886807441088,1.9433186099497117e+25,3.16e-25
Z,boson,weak,2,2.0,3.4008472100842067,194.85419190666587,-0.9665813486398974,-0.2563600913977781,0.7649959817301074,5.820978319391123,2.204916030072395e+25,2.64e-25
Higgs,boson,mixed,2,2.0,1.5198935906692967,87.08348805433502,0.050880756723907274,0.9987047354424643,3.685178675832777,4843.716049744508,3.027322531090317e+25,1.6000000000000002e-22
top,quark,weak,2,2.0,4.922071012982821,282.01389550759745,0.20814890736444888,-0.9780971487347185,1.1389084362748172,13.769191379267722,4.172482236141734e+25,3.3e-25
muon,lepton,weak,e,2.718281828459045,3.5589394935244387,203.9122125213771,-0.9141675790607754,-0.40533644962445814,16.74918461424223,5.612865226160765e+16,2.5548081529516867e+22,2.1969811e-06
tau,lepton,weak,e,2.718281828459045,3.452101854697298,197.79086672343894,-0.9521781102336274,-0.30554352618230696,11.09597171977255,124730229022.9188,4.2965976239379536e+23,2.903e-13
neutron,baryon,weak,e,2.718281828459045,3.5070081654809995,200.93676659997868,-0.933975363854234,-0.35733740318269397,26.300073716822478,1.9956010180556114e+26,2.2718590824858967e+23,878.4
Lambda,baryon,weak,e,2.718281828459045,5.579706741965144,319.69364723529384,0.7625966111169079,-0.6468743376522271,13.84879890259473,70599057394570.8,2.6977094915770273e+23,2.617e-10
Sigma_plus,baryon,weak,e,2.718281828459045,4.832210507982512,276.8652678261655,0.11953501644115574,-0.9928299853672897,13.362837396118582,23058836828435.76,2.8758838648585384e+23,8.018e-11
Xi_minus,baryon,weak,e,2.718281828459045,3.704284347591123,212.23985923334297,-0.8458222527658638,-0.5334648223885801,13.719169493736818,52380482397347.77,3.195880561156057e+23,1.639e-10
Omega_minus,baryon,weak,e,2.718281828459045,0.8394333037410382,48.09598548708479,0.6678847051130159,0.7442647517356306,13.521150664275083,33200961746063.605,4.043966107924921e+23,8.21e-11
Delta_1232,baryon,strong,e,2.718281828459045,3.2154620082972167,184.23240226009023,-0.9972728996324879,-0.0738021927764323,0.22225309913704822,1.6682191378992266,2.978962746248619e+23,5.5999999999999996e-24
pi0,meson,electromagnetic,e,2.718281828459045,5.199909282256598,297.9328557242042,0.4684365243598444,-0.883497154859974,6.439541066697468,2751319.756290731,3.2637245033104756e+22,8.43e-17
pi_plus,meson,weak,e,2.718281828459045,2.571747655969097,147.35028665969168,-0.8419846092997902,0.5395015455976745,14.943771874719356,878560907002411.5,3.374797015335964e+22,2.6033e-08
K_plus,meson,weak,e,2.718281828459045,5.839190617687098,334.56097816585896,0.9030429530420054,-0.429550258946697,15.169617903259415,1477807625730168.0,1.193705675064756e+23,1.238e-08
K_short,meson,weak,e,2.718281828459045,0.05102667239661443,2.9236129709227043,0.9986984218010738,0.05100453207357644,13.032361426487812,10773614372629.879,1.2032180447431181e+23,8.954e-11
K_long,meson,weak,e,2.718281828459045,2.237749849941983,128.21362200770892,-0.6185952144784919,0.7857098450600634,15.789274872247002,6155663516905793.0,1.2032180447431181e+23,5.116e-08
eta,meson,electromagnetic,e,2.718281828459045,0.6595758709214836,37.79091367246657,0.7902522011209563,0.6127817381608918,4.82282926003031,66501.16599178579,1.3247244221471272e+23,5.02e-19
rho_770,meson,strong,e,2.718281828459045,5.087300851620836,291.48086791118334,0.36619052317731743,-0.9305398974440174,-0.08265966936381419,0.8266855198600702,1.8745703398187536e+23,4.41e-24
omega_782,meson,strong,e,2.718281828459045,4.307577436847924,246.80600705716697,-0.3938455425877323,-0.9191766362260165,1.1663292053773442,14.666591816628907,1.892463460210182e+23,7.749999999999999e-23
phi_1020,meson,strong,e,2.718281828459045,4.040404719913618,231.4981379757878,-0.6225400698634831,-0.7825879256763226,1.582156678747984,38.208208826239556,2.4650457307251326e+23,1.55e-22
D0,meson,weak,e,2.718281828459045,5.929321997072681,339.72512580634526,0.9380409854398365,-0.34652432762370455,11.267197457307917,185010960278.34146,4.509163058209639e+23,4.103e-13
D_plus,meson,weak,e,2.718281828459045,5.463833516059623,313.0546004323415,0.6826949991477964,-0.7307034543086479,11.669317322546195,467000475264.6251,4.5208177663564874e+23,1.033e-12
Ds_plus,meson,weak,e,2.718281828459045,1.2429265127646305,71.21444342632657,0.3220270485885103,0.9467304684953227,11.377567751184174,238543590127.85135,4.759449124657848e+23,5.012e-13
J_psi,meson,mixed,e,2.718281828459045,3.6177450524115486,207.28152285751653,-0.8887650949516,-0.4583629631587541,3.7244148040524654,5301.695785739452,7.488270883812783e+23,7.080000000000001e-21
B_plus,meson,weak,e,2.718281828459045,2.316375811771703,132.71855778070858,-0.6783976689955106,0.7346949045021735,12.320353652430827,2090998168550.197,1.2765556584555537e+24,1.638e-12
B0,meson,weak,e,2.718281828459045,1.8345650265326843,105.1128332626287,-0.26072075126005884,0.9654142581619511,12.287050836244319,1936648644657.1626,1.2766306161220584e+24,1.517e-12
Bs0,meson,weak,e,2.718281828459045,1.9333591386150295,110.7733189256895,-0.3546716012229193,0.9349909386116908,12.293879496489762,1967340336858.258,1.297717900302281e+24,1.516e-12
Upsilon_1S,meson,mixed,e,2.718281828459045,1.4818081892648476,84.90135529279847,0.08887073616582478,0.9960431678664055,4.445367569337434,27884.802274074773,2.2875145425820157e+24,1.2190000000000001e-20
W,boson,weak,e,2.718281828459045,5.12060227019555,293.38889864731306,0.3969700634907195,-0.9178315579081895,0.7882310922760309,6.140886807441088,1.9433186099497117e+25,3.16e-25
Z,boson,weak,e,2.718281828459045,4.784446709219846,274.1286037435526,0.07199538726906708,-0.9974049650026698,0.7649959817301074,5.820978319391123,2.204916030072395e+25,2.64e-25
Higgs,boson,mixed,e,2.718281828459045,3.0500936669733147,174.75749423715177,-0.9958168873868888,0.09137136747957961,3.685178675832777,4843.716049744508,3.027322531090317e+25,1.6000000000000002e-22
top,quark,weak,e,2.718281828459045,3.9108655726273165,224.07609155455916,-0.7184166264851088,-0.6956130754879148,1.1389084362748172,13.769191379267722,4.172482236141734e+25,3.3e-25
muon,lepton,weak,pi,3.141592653589793,4.33799383209045,248.5487381325655,-0.3657096429984367,-0.9307289922517489,16.74918461424223,5.612865226160765e+16,2.5548081529516867e+22,2.1969811e-06
tau,lepton,weak,pi,3.141592653589793,2.005394088580663,114.90061753615636,-0.42104558949895843,0.9070394762982892,11.09597171977255,124730229022.9188,4.2965976239379536e+23,2.903e-13
neutron,baryon,weak,pi,3.141592653589793,5.665551939016082,324.61221471778146,0.815251272444264,-0.5791073844961818,26.300073716822478,1.9956010180556114e+26,2.2718590824858967e+23,878.4
Lambda,baryon,weak,pi,3.141592653589793,5.380833815295473,308.29906787770693,0.6197662644978716,-0.7847864533682741,13.84879890259473,70599057394570.8,2.6977094915770273e+23,2.617e-10
Sigma_plus,baryon,weak,pi,3.141592653589793,5.52223700594947,316.4008739118647,0.7241823798714618,-0.6896084981231785,13.362837396118582,23058836828435.76,2.8758838648585384e+23,8.018e-11
Xi_minus,baryon,weak,pi,3.141592653589793,3.7425238370577416,214.4308205905152,-0.8248094714238124,-0.5654107673626062,13.719169493736818,52380482397347.77,3.195880561156057e+23,1.639e-10
Omega_minus,baryon,weak,pi,3.141592653589793,1.2398801310935748,71.03989861378906,0.3249096521988067,0.945745059679431,13.521150664275083,33200961746063.605,4.043966107924921e+23,8.21e-11
Delta_1232,baryon,strong,pi,3.141592653589793,2.8089264096667788,160.9396282367417,-0.9451750041590689,0.3265642532686397,0.22225309913704822,1.6682191378992266,2.978962746248619e+23,5.5999999999999996e-24
pi0,meson,electromagnetic,pi,3.141592653589793,5.98735446151592,343.0501410936859,0.9565602521626742,-0.2915347045936063,6.439541066697468,2751319.756290731,3.2637245033104756e+22,8.43e-17
pi_plus,meson,weak,pi,3.141592653589793,0.36999830402023737,21.19934124735792,0.932327958897148,0.3616138507561316,14.943771874719356,878560907002411.5,3.374797015335964e+22,2.6033e-08
K_plus,meson,weak,pi,3.141592653589793,3.2243336385900268,184.74070923326863,-0.9965789171167793,-0.08264660887385336,15.169617903259415,1477807625730168.0,1.193705675064756e+23,1.238e-08
K_short,meson,weak,pi,3.141592653589793,1.3455452861921957,77.0940660425353,0.22335106799908713,0.9747380675974788,13.032361426487812,10773614372629.879,1.2032180447431181e+23,8.954e-11
K_long,meson,weak,pi,3.141592653589793,4.7726288906534595,273.4514926166473,0.060203483311296935,-0.9981861252277485,15.789274872247002,6155663516905793.0,1.2032180447431181e+23,5.116e-08
eta,meson,electromagnetic,pi,3.141592653589793,4.404239215813894,252.3443190321435,-0.303296073973056,-0.9528963697656375,4.82282926003031,66501.16599178579,1.3247244221471272e+23,5.02e-19
rho_770,meson,strong,pi,3.141592653589793,5.238498285077954,300.1438427214863,0.5021726040010341,-0.8647674113834428,-0.08265966936381419,0.8266855198600702,1.8745703398187536e+23,4.41e-24
omega_782,meson,strong,pi,3.141592653589793,2.174179326543672,124.57129931554806,-0.5674313471719381,0.8234207103581009,1.1663292053773442,14.666591816628907,1.892463460210182e+23,7.749999999999999e-23
phi_1020,meson,strong,pi,3.141592653589793,1.1463932752167845,65.68349633210119,0.4117768651770878,0.9112847048562434,1.582156678747984,38.208208826239556,2.4650457307251326e+23,1.55e-22
D0,meson,weak,pi,3.141592653589793,4.169415638989706,238.88991914995145,-0.5166839759480073,-0.85617619039457,11.267197457307917,185010960278.34146,4.509163058209639e+23,4.103e-13
D_plus,meson,weak,pi,3.141592653589793,2.9683871777893303,170.07605724807817,-0.9850373944380564,0.17234074259641863,11.669317322546195,467000475264.6251,4.5208177663564874e+23,1.033e-12
Ds_plus,meson,weak,pi,3.141592653589793,5.5643209722130855,318.8121075639408,0.7525540842804561,-0.658530447460711,11.377567751184174,238543590127.85135,4.759449124657848e+23,5.012e-13
J_psi,meson,mixed,pi,3.141592653589793,3.0883945263792456,176.95197183283557,-0.9985853133129403,0.05317303861635981,3.7244148040524654,5301.695785739452,7.488270883812783e+23,7.080000000000001e-21
B_plus,meson,weak,pi,3.141592653589793,4.91326774580294,281.50950545226425,0.1995305025913331,-0.979891615708416,12.320353652430827,2090998168550.197,1.2765556584555537e+24,1.638e-12
B0,meson,weak,pi,3.141592653589793,4.4923730079307775,257.3940133529243,-0.21824521053006396,-0.9758939635435235,12.287050836244319,1936648644657.1626,1.2766306161220584e+24,1.517e-12
Bs0,meson,weak,pi,3.141592653589793,4.578676434882045,262.3388354747475,-0.13331445944015066,-0.991073788829157,12.293879496489762,1967340336858.258,1.297717900302281e+24,1.516e-12
Upsilon_1S,meson,mixed,pi,3.141592653589793,5.916907865446669,339.0138484578549,0.9336670171851156,-0.3581422915834559,4.445367569337434,27884.802274074773,2.2875145425820157e+24,1.2190000000000001e-20
W,boson,weak,pi,3.141592653589793,3.6788046070729106,210.77997763856092,-0.8591387809976424,-0.511742664809067,0.7882310922760309,6.140886807441088,1.9433186099497117e+25,3.16e-25
Z,boson,weak,pi,3.141592653589793,3.3851496888855745,193.9547901931671,-0.9704863150824797,-0.24115619883724707,0.7649959817301074,5.820978319391123,2.204916030072395e+25,2.64e-25
Higgs,boson,mixed,pi,3.141592653589793,2.5925121418488275,148.54000406435924,-0.8530047663748388,0.5219031217973378,3.685178675832777,4843.716049744508,3.027322531090317e+25,1.6000000000000002e-22
top,quark,weak,pi,3.141592653589793,1.827624327740401,104.71516051495932,-0.2540138756187476,0.9672005743345811,1.1389084362748172,13.769191379267722,4.172482236141734e+25,3.3e-25
muon,lepton,weak,phi,1.618033988749895,0.9071590413405013,51.976384415944494,0.6159862171741816,0.7877569296752914,16.74918461424223,5.612865226160765e+16,2.5548081529516867e+22,2.1969811e-06
tau,lepton,weak,phi,1.618033988749895,0.5900766981492401,33.8089043929665,0.8308980047953902,0.5564247528885102,11.09597171977255,124730229022.9188,4.2965976239379536e+23,2.903e-13
neutron,baryon,weak,phi,1.618033988749895,5.310017036661431,304.24156534326414,0.5626832372277573,-0.8266725921082007,26.300073716822478,1.9956010180556114e+26,2.2718590824858967e+23,878.4
Lambda,baryon,weak,phi,1.618033988749895,1.6720468578775334,95.80122810449325,-0.1010776218974184,0.9948785425123825,13.84879890259473,70599057394570.8,2.6977094915770273e+23,2.617e-10
Sigma_plus,baryon,weak,phi,1.618033988749895,5.911235421358602,338.68884135208475,0.9316204648701785,-0.36343267524408507,13.362837396118582,23058836828435.76,2.8758838648585384e+23,8.018e-11
Xi_minus,baryon,weak,phi,1.618033988749895,4.0579414155172575,232.50291662048195,-0.6087210428614052,-0.7933843280388915,13.719169493736818,52380482397347.77,3.195880561156057e+23,1.639e-10
Omega_minus,baryon,weak,phi,1.618033988749895,4.387717237185437,251.39767938752752,-0.31899769586374466,-0.9477554906375494,13.521150664275083,33200961746063.605,4.043966107924921e+23,8.21e-11
Delta_1232,baryon,strong,phi,1.618033988749895,0.39882423799097605,22.850945604404036,0.9215182205451026,0.38833512486432104,0.22225309913704822,1.6682191378992266,2.978962746248619e+23,5.5999999999999996e-24
pi0,meson,electromagnetic,phi,1.618033988749895,5.108377203322273,292.688453911209,0.3857201271371421,-0.9226158374541957,6.439541066697468,2751319.756290731,3.2637245033104756e+22,8.43e-17
pi_plus,meson,weak,phi,1.618033988749895,3.1763355173991683,181.990619464475,-0.9993965274134583,-0.0347358747395362,14.943771874719356,878560907002411.5,3.374797015335964e+22,2.6033e-08
K_plus,meson,weak,phi,1.618033988749895,3.683180694847202,211.03070899880663,-0.8568911310235041,-0.515497419560234,15.169617903259415,1477807625730168.0,1.193705675064756e+23,1.238e-08
K_short,meson,weak,phi,1.618033988749895,2.2587051317867988,129.41427121592397,-0.6349229657621233,0.7725754510388159,13.032361426487812,10773614372629.879,1.2032180447431181e+23,8.954e-11
K_long,meson,weak,phi,1.618033988749895,3.463528237346665,198.44555022434918,-0.9486247703901185,-0.31640329486636987,15.789274872247002,6155663516905793.0,1.2032180447431181e+23,5.116e-08
eta,meson,electromagnetic,phi,1.618033988749895,0.48445124179949917,27.757011534983036,0.8849306515525367,0.46572281664398074,4.82282926003031,66501.16599178579,1.3247244221471272e+23,5.02e-19
rho_770,meson,strong,phi,1.618033988749895,3.798033460774675,217.61128775185477,-0.7921694242367958,-0.6103012398023974,-0.08265966936381419,0.8266855198600702,1.8745703398187536e+23,4.41e-24
omega_782,meson,strong,phi,1.618033988749895,3.6496042189148126,209.10691863695814,-0.8737134902116469,-0.486440887490127,1.1663292053773442,14.666591816628907,1.892463460210182e+23,7.749999999999999e-23
phi_1020,meson,strong,phi,1.618033988749895,3.5850306863296177,205.40712775157598,-0.9032819251704232,-0.4290475074632341,1.582156678747984,38.208208826239556,2.4650457307251326e+23,1.55e-22
D0,meson,weak,phi,1.618033988749895,5.737955477039463,328.7606318683362,0.8550081200944756,-0.5186146108359374,11.267197457307917,185010960278.34146,4.509163058209639e+23,4.103e-13
D_plus,meson,weak,phi,1.618033988749895,5.261264548847483,301.44825355076193,0.5217282932450221,-0.8531117089969146,11.669317322546195,467000475264.6251,4.5208177663564874e+23,1.033e-12
Ds_plus,meson,weak,phi,1.618033988749895,2.773038216730432,158.88338624713782,-0.9328491092434609,0.3602673165632454,11.377567751184174,238543590127.85135,4.759449124657848e+23,5.012e-13
J_psi,meson,mixed,phi,1.618033988749895,5.159880140094085,295.639354820763,0.4327050896145399,-0.9015355264334695,3.7244148040524654,5301.695785739452,7.488270883812783e+23,7.080000000000001e-21
B_plus,meson,weak,phi,1.618033988749895,5.9850283579795835,342.91686517834336,0.9558795250102058,-0.2937589720608773,12.320353652430827,2090998168550.197,1.2765556584555537e+24,1.638e-12
B0,meson,weak,phi,1.618033988749895,4.983783666664378,285.54977010610315,0.2680753348827296,-0.9633979524721403,12.287050836244319,1936648644657.1626,1.2766306161220584e+24,1.517e-12
Bs0,meson,weak,phi,1.618033988749895,5.189086418877716,297.31275133034757,0.4588473072874212,-0.888515136953267,12.293879496489762,1967340336858.258,1.297717900302281e+24,1.516e-12
Upsilon_1S,meson,mixed,phi,1.618033988749895,1.7024868725787845,97.54531247519111,-0.13131023735654151,0.9913413244515578,4.445367569337434,27884.802274074773,2.2875145425820157e+24,1.2190000000000001e-20
W,boson,weak,phi,1.618033988749895,4.84850589554699,277.79892475914005,0.13569697954773882,-0.9907503872023571,0.7882310922760309,6.140886807441088,1.9433186099497117e+25,3.16e-25
Z,boson,weak,phi,1.618033988749895,4.149945420782957,237.77435782050594,-0.5332549283709824,-0.8459545976989891,0.7649959817301074,5.820978319391123,2.204916030072395e+25,2.64e-25
Higgs,boson,mixed,phi,1.618033988749895,3.98025122019396,228.05159631891001,-0.6684611141600902,-0.7437470933427913,3.685178675832777,4843.716049744508,3.027322531090317e+25,1.6000000000000002e-22
top,quark,weak,phi,1.618033988749895,2.825202482379202,161.8721785102116,-0.9503647623709308,0.31113794118307764,1.1389084362748172,13.769191379267722,4.172482236141734e+25,3.3e-25
muon,lepton,weak,10,10.0,4.707265760571775,269.7064611272022,-0.005123197401093733,-0.9999868763380795,16.74918461424223,5.612865226160765e+16,2.5548081529516867e+22,2.1969811e-06
tau,lepton,weak,10,10.0,0.603008099579629,34.54981911811721,0.8236333825952055,0.567122606739301,11.09597171977255,124730229022.9188,4.2965976239379536e+23,2.903e-13
neutron,baryon,weak,10,10.0,1.8854187686097397,108.02653805609083,-0.30945746819865794,0.9509132848877844,26.300073716822478,1.9956010180556114e+26,2.2718590824858967e+23,878.4
Lambda,baryon,weak,10,10.0,5.333160793533365,305.5676049341028,0.5816631495091976,-0.8134297637184423,13.84879890259473,70599057394570.8,2.6977094915770273e+23,2.617e-10
Sigma_plus,baryon,weak,10,10.0,2.279774596187564,130.62146260268895,-0.6510585893807129,0.7590274785497533,13.362837396118582,23058836828435.76,2.8758838648585384e+23,8.018e-11
Xi_minus,baryon,weak,10,10.0,4.518675196418942,258.9010177452537,-0.1925045357884272,-0.9812960836062081,13.719169493736818,52380482397347.77,3.195880561156057e+23,1.639e-10
Omega_minus,baryon,weak,10,10.0,3.274486196600085,187.61423913903002,-0.9911826413026716,-0.1325027229163964,13.521150664275083,33200961746063.605,4.043966107924921e+23,8.21e-11
Delta_1232,baryon,strong,10,10.0,1.3964574069730293,80.01111568933736,0.17345711640028355,0.9848414231591289,0.22225309913704822,1.6682191378992266,2.978962746248619e+23,5.5999999999999996e-24
pi0,meson,electromagnetic,10,10.0,2.7617179721755747,158.23478401108855,-0.9287111115128308,0.3708040875618854,6.439541066697468,2751319.756290731,3.2637245033104756e+22,8.43e-17
pi_plus,meson,weak,10,10.0,5.929893576565993,339.7578748989683,0.9382388983982022,-0.3459881060564481,14.943771874719356,878560907002411.5,3.374797015335964e+22,2.6033e-08
K_plus,meson,weak,10,10.0,1.0657407175941505,61.06244517338858,0.4838561073289124,0.8751475689279563,15.169617903259415,1477807625730168.0,1.193705675064756e+23,1.238e-08
K_short,meson,weak,10,10.0,0.20333283942758174,11.650113535611695,0.9793990028924574,0.20193462588981656,13.032361426487812,10773614372629.879,1.2032180447431181e+23,8.954e-11
K_long,meson,weak,10,10.0,4.959160280628399,284.1389540089202,0.24427434785945706,-0.969706163215351,15.789274872247002,6155663516905793.0,1.2032180447431181e+23,5.116e-08
eta,meson,electromagnetic,10,10.0,5.169988716939893,296.2185336109115,0.4417960681256314,-0.8971155077183386,4.82282926003031,66501.16599178579,1.3247244221471272e+23,5.02e-19
rho_770,meson,strong,10,10.0,5.763819287136546,330.2425190290269,0.8681340173034223,-0.4963298580587523,-0.08265966936381419,0.8266855198600702,1.8745703398187536e+23,4.41e-24
omega_782,meson,strong,10,10.0,1.0450772193817848,59.878513935843905,0.5018351358888379,0.8649632919306065,1.1663292053773442,14.666591816628907,1.892463460210182e+23,7.749999999999999e-23
phi_1020,meson,strong,10,10.0,3.657798290385799,209.5764043492742,-0.8696982717933062,-0.4935837477467594,1.582156678747984,38.208208826239556,2.4650457307251326e+23,1.55e-22
D0,meson,weak,10,10.0,1.678851137872839,96.19108463084956,-0.10784466197838848,0.9941677569116628,11.267197457307917,185010960278.34146,4.509163058209639e+23,4.103e-13
D_plus,meson,weak,10,10.0,4.205444766863025,240.95423611662974,-0.4855080509114021,-0.8742321959869765,11.669317322546195,467000475264.6251,4.5208177663564874e+23,1.033e-12
Ds_plus,meson,weak,10,10.0,2.3723281467052257,135.92439042630184,-0.7184224780632787,0.6956070320327546,11.377567751184174,238543590127.85135,4.759449124657848e+23,5.012e-13
J_psi,meson,mixed,10,10.0,4.551632453125826,260.7893294588874,-0.16006502530200015,-0.9871064723093806,3.7244148040524654,5301.695785739452,7.488270883812783e+23,7.080000000000001e-21
B_plus,meson,weak,10,10.0,2.0128413620546857,115.32731487509757,-0.42778882215381325,0.9038787106909052,12.320353652430827,2090998168550.197,1.2765556584555537e+24,1.638e-12
B0,meson,weak,10,10.0,1.803593596703907,103.33830104795418,-0.23070023576200008,0.973024871840056,12.287050836244319,1936648644657.1626,1.2766306161220584e+24,1.517e-12
Bs0,meson,weak,10,10.0,1.8464993344258058,105.79661873631423,-0.2722234620565699,0.9622340602503817,12.293879496489762,1967340336858.258,1.297717900302281e+24,1.516e-12
Upsilon_1S,meson,mixed,10,10.0,2.798326967955252,160.3323249614763,-0.9416605763633646,0.33656404876786217,4.445367569337434,27884.802274074773,2.2875145425820157e+24,1.2190000000000001e-20
W,boson,weak,10,10.0,4.952602017650873,283.7631932193711,0.23790955221821986,-0.9712873132926869,0.7882310922760309,6.140886807441088,1.9433186099497117e+25,3.16e-25
Z,boson,weak,10,10.0,4.8066115124580335,275.39855342283863,0.0940831778036239,-0.9955643402886484,0.7649959817301074,5.820978319391123,2.204916030072395e+25,2.64e-25
Higgs,boson,mixed,10,10.0,4.305104588785266,246.66432329979955,-0.396117320257614,-0.9181999066608136,3.685178675832777,4843.716049744508,3.027322531090317e+25,1.6000000000000002e-22
top,quark,weak,10,10.0,0.8727874458452233,50.00703705893419,0.642693519376532,0.766123384417554,1.1389084362748172,13.769191379267722,4.172482236141734e+25,3.3e-25
muon,lepton,weak,2pi,6.283185307179586,6.1840575589983064,354.32039839657705,0.9950908666351028,-0.09896548458629367,16.74918461424223,5.612865226160765e+16,2.5548081529516867e+22,2.1969811e-06
tau,lepton,weak,2pi,6.283185307179586,5.664876276886037,324.5735021293531,0.8148598054561333,-0.5796580866786838,11.09597171977255,124730229022.9188,4.2965976239379536e+23,2.903e-13
neutron,baryon,weak,2pi,6.283185307179586,5.969396449128996,342.0212227754715,0.9511709132024442,-0.3086646948998677,26.300073716822478,1.9956010180556114e+26,2.2718590824858967e+23,878.4
Lambda,baryon,weak,2pi,6.283185307179586,2.2020919012420332,126.17057204110779,-0.590191122998219,0.8072635494893233,13.84879890259473,70599057394570.8,2.6977094915770273e+23,2.617e-10
Sigma_plus,baryon,weak,2pi,6.283185307179586,4.659840964800592,266.98922048524355,-0.05252383550323999,-0.9986196706975227,13.362837396118582,23058836828435.76,2.8758838648585384e+23,8.018e-11
Xi_minus,baryon,weak,2pi,6.283185307179586,1.1816632617803042,67.70431770567399,0.3793864363310045,0.9252383108843152,13.719169493736818,52380482397347.77,3.195880561156057e+23,1.639e-10
Omega_minus,baryon,weak,2pi,6.283185307179586,5.906065831958248,338.3926456976289,0.9297292269430207,-0.3682438927775084,13.521150664275083,33200961746063.605,4.043966107924921e+23,8.21e-11
Delta_1232,baryon,strong,2pi,6.283185307179586,1.7495522780417816,100.24196156929281,-0.17780548568406482,0.9840656529219246,0.22225309913704822,1.6682191378992266,2.978962746248619e+23,5.5999999999999996e-24
pi0,meson,electromagnetic,2pi,6.283185307179586,0.4258860162915315,24.401471287144574,0.9106730524778623,0.41312781495640366,6.439541066697468,2751319.756290731,3.2637245033104756e+22,8.43e-17
pi_plus,meson,weak,2pi,6.283185307179586,4.538415006827184,260.0320255700343,-0.17309769065888142,-0.9849046601009471,14.943771874719356,878560907002411.5,3.374797015335964e+22,2.6033e-08
K_plus,meson,weak,2pi,6.283185307179586,0.033065128053897504,1.894492286547944,0.9994533984561904,0.03305910335098929,15.169617903259415,1477807625730168.0,1.193705675064756e+23,1.238e-08
K_short,meson,weak,2pi,6.283185307179586,2.0583699943145763,117.93591335059249,-0.4684836720907667,0.8834721551833713,13.032361426487812,10773614372629.879,1.2032180447431181e+23,8.954e-11
K_long,meson,weak,2pi,6.283185307179586,4.910937544258996,281.3759947383814,0.19724661799284637,-0.9803539012470874,15.789274872247002,6155663516905793.0,1.2032180447431181e+23,5.116e-08
eta,meson,electromagnetic,2pi,6.283185307179586,0.2656767301948925,15.222155355003222,0.9649150379960945,0.26256231536341135,4.82282926003031,66501.16599178579,1.3247244221471272e+23,5.02e-19
rho_770,meson,strong,2pi,6.283185307179586,5.632497359973658,322.718326845069,0.7956672739031809,-0.6057339261090471,-0.08265966936381419,0.8266855198600702,1.8745703398187536e+23,4.41e-24
omega_782,meson,strong,2pi,6.283185307179586,2.8980316303458786,166.04498131423597,-0.9704853533563496,0.24116006908441803,1.1663292053773442,14.666591816628907,1.892463460210182e+23,7.749999999999999e-23
phi_1020,meson,strong,2pi,6.283185307179586,6.171380376134816,353.59404932238346,0.9937563367582986,-0.11157214326491646,1.582156678747984,38.208208826239556,2.4650457307251326e+23,1.55e-22
D0,meson,weak,2pi,6.283185307179586,0.7295613945848278,41.800788805389146,0.7454668232922652,0.6665427333416356,11.267197457307917,185010960278.34146,4.509163058209639e+23,4.103e-13
D_plus,meson,weak,2pi,6.283185307179586,3.8950053366720594,223.1673669722413,-0.7293583955559991,-0.6841318080837775,11.669317322546195,467000475264.6251,4.5208177663564874e+23,1.033e-12
Ds_plus,meson,weak,2pi,6.283185307179586,1.5983843708632035,91.58067849013491,-0.027584544657282578,0.9996194740480251,11.377567751184174,238543590127.85135,4.759449124657848e+23,5.012e-13
J_psi,meson,mixed,2pi,6.283185307179586,4.185447944358249,239.8085025834339,-0.502891684374343,-0.8643494396290983,3.7244148040524654,5301.695785739452,7.488270883812783e+23,7.080000000000001e-21
B_plus,meson,weak,2pi,6.283185307179586,2.736707369467259,156.80178203282358,-0.9191475913259386,0.39391332214044916,12.320353652430827,2090998168550.197,1.2765556584555537e+24,1.638e-12
B0,meson,weak,2pi,6.283185307179586,2.4745512143875694,141.7813407733803,-0.7856554575726824,0.61866428859783,12.287050836244319,1936648644657.1626,1.2766306161220584e+24,1.517e-12
Bs0,meson,weak,2pi,6.283185307179586,2.528305686810125,144.86124517314508,-0.8177605971293406,0.5755585163844457,12.293879496489762,1967340336858.258,1.297717900302281e+24,1.516e-12
Upsilon_1S,meson,mixed,2pi,6.283185307179586,3.5775245694635998,204.97705893462117,-0.906476929520347,-0.42225534484167737,4.445367569337434,27884.802274074773,2.2875145425820157e+24,1.2190000000000001e-20
W,boson,weak,2pi,6.283185307179586,6.204869621478372,355.5128417396474,0.9969348937803615,-0.0782356540404654,0.7882310922760309,6.140886807441088,1.9433186099497117e+25,3.16e-25
Z,boson,weak,2pi,6.283185307179586,6.021965352678474,345.0331990824869,0.9660756325021878,-0.25825931209832065,0.7649959817301074,5.820978319391123,2.204916030072395e+25,2.64e-25
Higgs,boson,mixed,2pi,6.283185307179586,3.8765854008219414,222.1119823891278,-0.7418356169957814,-0.6705817752940266,3.685178675832777,4843.716049744508,3.027322531090317e+25,1.6000000000000002e-22
top,quark,weak,2pi,6.283185307179586,2.6821783116058717,153.67749715654145,-0.8963123456073308,0.4434232505314588,1.1389084362748172,13.769191379267722,4.172482236141734e+25,3.3e-25
muon,lepton,weak,sqrt2pi,2.5066282746310002,6.084929810817027,348.6407967931541,0.9804116657212002,-0.19695929964787554,16.74918461424223,5.612865226160765e+16,2.5548081529516867e+22,2.1969811e-06
tau,lepton,weak,sqrt2pi,2.5066282746310002,5.046567246592489,289.1470042587062,0.32799300509601603,-0.9446801514841332,11.09597171977255,124730229022.9188,4.2965976239379536e+23,2.903e-13
neutron,baryon,weak,sqrt2pi,2.5066282746310002,5.655607591078405,324.04244555094294,0.8094522122447428,-0.5871857594425224,26.300073716822478,1.9956010180556114e+26,2.2718590824858967e+23,878.4
Lambda,baryon,weak,sqrt2pi,2.5066282746310002,4.4041838024840665,252.34114408221558,-0.3033488766682025,-0.9528795616572641,13.84879890259473,70599057394570.8,2.6977094915770273e+23,2.617e-10
Sigma_plus,baryon,weak,sqrt2pi,2.5066282746310002,3.0364966224215975,173.97844097048704,-0.9944824934080571,0.10490267062803338,13.362837396118582,23058836828435.76,2.8758838648585384e+23,8.018e-11
Xi_minus,baryon,weak,sqrt2pi,2.5066282746310002,2.3633265235606085,135.40863541134797,-0.7121318638561214,0.7020457310466368,13.719169493736818,52380482397347.77,3.195880561156057e+23,1.639e-10
Omega_minus,baryon,weak,sqrt2pi,2.5066282746310002,5.52894635673691,316.7852913952578,0.7287928708641339,-0.6847342195170428,13.521150664275083,33200961746063.605,4.043966107924921e+23,8.21e-11
Delta_1232,baryon,strong,sqrt2pi,2.5066282746310002,3.499104556083563,200.48392313858562,-0.9367704185213076,-0.34994454272557834,0.22225309913704822,1.6682191378992266,2.978962746248619e+23,5.5999999999999996e-24
pi0,meson,electromagnetic,sqrt2pi,2.5066282746310002,0.851772032583063,48.80294257428915,0.658650817018695,0.7524487366197152,6.439541066697468,2751319.756290731,3.2637245033104756e+22,8.43e-17
pi_plus,meson,weak,sqrt2pi,2.5066282746310002,2.793644706474782,160.06405114006867,-0.9400743789771246,0.3409694443652883,14.943771874719356,878560907002411.5,3.374797015335964e+22,2.6033e-08
K_plus,meson,weak,sqrt2pi,2.5066282746310002,0.06613025610779501,3.788984573095888,0.9978141913712573,0.06608206638812136,15.169617903259415,1477807625730168.0,1.193705675064756e+23,1.238e-08
K_short,meson,weak,sqrt2pi,2.5066282746310002,4.116739988629153,235.87182670118497,-0.561046097968702,-0.827784558900499,13.032361426487812,10773614372629.879,1.2032180447431181e+23,8.954e-11
K_long,meson,weak,sqrt2pi,2.5066282746310002,3.538689781338405,202.75198947676273,-0.9221875433807684,-0.38674298291416165,15.789274872247002,6155663516905793.0,1.2032180447431181e+23,5.116e-08
eta,meson,electromagnetic,sqrt2pi,2.5066282746310002,0.531353460389785,30.444310710006445,0.8621220611020091,0.5067006530104573,4.82282926003031,66501.16599178579,1.3247244221471272e+23,5.02e-19
rho_770,meson,strong,sqrt2pi,2.5066282746310002,4.9818094127677295,285.436653690138,0.26617282152103927,-0.9639253233957126,-0.08265966936381419,0.8266855198600702,1.8745703398187536e+23,4.41e-24
omega_782,meson,strong,sqrt2pi,2.5066282746310002,5.796063260691757,332.08996262847194,0.8836836421583975,-0.4680846297216662,1.1663292053773442,14.666591816628907,1.892463460210182e+23,7.749999999999999e-23
phi_1020,meson,strong,sqrt2pi,2.5066282746310002,6.059575445090045,347.1880986447669,0.975103313694546,-0.22175104875043067,1.582156678747984,38.208208826239556,2.4650457307251326e+23,1.55e-22
D0,meson,weak,sqrt2pi,2.5066282746310002,1.4591227891696557,83.60157761077829,0.11144156925892258,0.9937709880254649,11.267197457307917,185010960278.34146,4.509163058209639e+23,4.103e-13
D_plus,meson,weak,sqrt2pi,2.5066282746310002,1.5068253661645326,86.3347339444826,0.06392733833604251,0.9979545557856175,11.669317322546195,467000475264.6251,4.5208177663564874e+23,1.033e-12
Ds_plus,meson,weak,sqrt2pi,2.5066282746310002,3.196768741726407,183.16135698026983,-0.9984781857921008,-0.05514809604433414,11.377567751184174,238543590127.85135,4.759449124657848e+23,5.012e-13
J_psi,meson,mixed,sqrt2pi,2.5066282746310002,2.0877105815369115,119.61700516686776,-0.4941999075742718,0.8693482911661937,3.7244148040524654,5301.695785739452,7.488270883812783e+23,7.080000000000001e-21
B_plus,meson,weak,sqrt2pi,2.5066282746310002,5.473414738934518,313.60356406564716,0.6896645892805494,-0.7241289624731848,12.320353652430827,2090998168550.197,1.2765556584555537e+24,1.638e-12
B0,meson,weak,sqrt2pi,2.5066282746310002,4.949102428775139,283.5626815467606,0.23450899602748193,-0.9721139494844123,12.287050836244319,1936648644657.1626,1.2766306161220584e+24,1.517e-12
Bs0,meson,weak,sqrt2pi,2.5066282746310002,5.05661137362025,289.72249034629016,0.3374647884346715,-0.9413381520828434,12.293879496489762,1967340336858.258,1.297717900302281e+24,1.516e-12
Upsilon_1S,meson,mixed,sqrt2pi,2.5066282746310002,0.8718638317476135,49.95411786924237,0.6434008475052718,0.7655294569312783,4.445367569337434,27884.802274074773,2.2875145425820157e+24,1.2190000000000001e-20
W,boson,weak,sqrt2pi,2.5066282746310002,6.126553935777158,351.0256834792948,0.9877583648737213,-0.1559917069013367,0.7882310922760309,6.140886807441088,1.9433186099497117e+25,3.16e-25
Z,boson,weak,sqrt2pi,2.5066282746310002,5.760745398177362,330.0663981649738,0.866604255429005,-0.49899605656992907,0.7649959817301074,5.820978319391123,2.204916030072395e+25,2.64e-25
Higgs,boson,mixed,sqrt2pi,2.5066282746310002,1.469985494464297,84.22396477825565,0.10064016528702238,0.9949228900427414,3.685178675832777,4843.716049744508,3.027322531090317e+25,1.6000000000000002e-22
top,quark,weak,sqrt2pi,2.5066282746310002,5.3643566232117434,307.3549943130829,0.6067516417762302,-0.7948914675613579,1.1389084362748172,13.769191379267722,4.172482236141734e+25,3.3e-25
muon,lepton,weak,pi2,9.869604401089358,5.310589569635018,304.2743690662827,0.5631564422971481,-0.8263503019296471,16.74918461424223,5.612865226160765e+16,2.5548081529516867e+22,2.1969811e-06
tau,lepton,weak,pi2,9.869604401089358,1.0026970442903316,57.45030876807818,0.5380308590132361,0.8429251418420731,11.09597171977255,124730229022.9188,4.2965976239379536e+23,2.903e-13
neutron,baryon,weak,pi2,9.869604401089358,2.832775969508041,162.30610735889073,-0.9526938837959085,0.30393151165660337,26.300073716822478,1.9956010180556114e+26,2.2718590824858967e+23,878.4
Lambda,baryon,weak,pi2,9.869604401089358,5.83200956123753,334.1495339388535,0.8999350711295431,-0.4360239302504672,13.84879890259473,70599057394570.8,2.6977094915770273e+23,2.617e-10
Sigma_plus,baryon,weak,pi2,9.869604401089358,2.761118502974735,158.20043695593236,-0.9284886590237551,0.3713607546096775,13.362837396118582,23058836828435.76,2.8758838648585384e+23,8.018e-11
Xi_minus,baryon,weak,pi2,9.869604401089358,5.0128545721186635,287.2154102952576,0.2959649713869759,-0.955198793818285,13.719169493736818,52380482397347.77,3.195880561156057e+23,1.639e-10
Omega_minus,baryon,weak,pi2,9.869604401089358,3.7615327191365804,215.51994930689452,-0.8139132792253752,-0.580986380133473,13.521150664275083,33200961746063.605,4.043966107924921e+23,8.21e-11
Delta_1232,baryon,strong,pi2,9.869604401089358,1.4044632048333894,80.46981411837085,0.16556720061795327,0.9861985104833279,0.22225309913704822,1.6682191378992266,2.978962746248619e+23,5.5999999999999996e-24
pi0,meson,electromagnetic,pi2,9.869604401089358,2.99367723075796,171.52507054684295,-0.9890804446966571,0.1473766396640354,6.439541066697468,2751319.756290731,3.2637245033104756e+22,8.43e-17
pi_plus,meson,weak,pi2,9.869604401089358,0.18499915201011868,10.59967062367896,0.9829364066146772,0.18394570000798055,14.943771874719356,878560907002411.5,3.374797015335964e+22,2.6033e-08
K_plus,meson,weak,pi2,9.869604401089358,1.6121668192950134,92.37035461663432,-0.04135869245527947,0.9991443632220469,15.169617903259415,1477807625730168.0,1.193705675064756e+23,1.238e-08
K_short,meson,weak,pi2,9.869604401089358,0.6727726430960979,38.54703302126765,0.7820968827450622,0.6231568550537308,13.032361426487812,10773614372629.879,1.2032180447431181e+23,8.954e-11
K_long,meson,weak,pi2,9.869604401089358,5.527907098916523,316.72574630832366,0.7280808620308931,-0.685491253295293,15.789274872247002,6155663516905793.0,1.2032180447431181e+23,5.116e-08
eta,meson,electromagnetic,pi2,9.869604401089358,5.343712261496741,306.17215951607176,0.5902134893523464,-0.8072471969517935,4.82282926003031,66501.16599178579,1.3247244221471272e+23,5.02e-19
rho_770,meson,strong,pi2,9.869604401089358,5.760841796128771,330.0719213607432,0.8666523536000568,-0.4989125153766763,-0.08265966936381419,0.8266855198600702,1.8745703398187536e+23,4.41e-24
omega_782,meson,strong,pi2,9.869604401089358,1.087089663271836,62.28564965777403,0.46506378746794613,0.8852771733112568,1.1663292053773442,14.666591816628907,1.892463460210182e+23,7.749999999999999e-23
phi_1020,meson,strong,pi2,9.869604401089358,3.7147892911981852,212.8417481660506,-0.8401716685228943,-0.5423205393597553,1.582156678747984,38.208208826239556,2.4650457307251326e+23,1.55e-22
D0,meson,weak,pi2,9.869604401089358,2.084707819494853,119.44495957497573,-0.4915872374523126,0.8708283343885886,11.267197457307917,185010960278.34146,4.509163058209639e+23,4.103e-13
D_plus,meson,weak,pi2,9.869604401089358,4.625786242484458,265.03802862403904,-0.08649452457220567,-0.9962523260796072,11.669317322546195,467000475264.6251,4.5208177663564874e+23,1.033e-12
Ds_plus,meson,weak,pi2,9.869604401089358,2.7821604861065428,159.4060537819704,-0.9360967055492867,0.35174274386228915,11.377567751184174,238543590127.85135,4.759449124657848e+23,5.012e-13
J_psi,meson,mixed,pi2,9.869604401089358,4.685789916779416,268.47598591641776,-0.026595927198160944,-0.9996462657642803,3.7244148040524654,5301.695785739452,7.488270883812783e+23,7.080000000000001e-21
B_plus,meson,weak,pi2,9.869604401089358,2.45663387290147,140.75475272613212,-0.7744451247801012,0.6326410899588593,12.320353652430827,2090998168550.197,1.2765556584555537e+24,1.638e-12
B0,meson,weak,pi2,9.869604401089358,2.2461865039653888,128.69700667646214,-0.6252018831825189,0.7804630710450251,12.287050836244319,1936648644657.1626,1.2766306161220584e+24,1.517e-12
Bs0,meson,weak,pi2,9.869604401089358,2.2893382174410224,131.16941773737375,-0.6582877564408476,0.7527663845577028,12.293879496489762,1967340336858.258,1.297717900302281e+24,1.516e-12
Upsilon_1S,meson,mixed,pi2,9.869604401089358,2.9584539327233346,169.50692422892746,-0.9832769236550595,0.1821166972230779,4.445367569337434,27884.802274074773,2.2875145425820157e+24,1.2190000000000001e-20
W,boson,weak,pi2,9.869604401089358,4.980994957126248,285.38998881928046,0.2653876589089605,-0.9641417896237157,0.7882310922760309,6.140886807441088,1.9433186099497117e+25,3.16e-25
Z,boson,weak,pi2,9.869604401089358,4.83416749803258,276.97739509658356,0.12147774470560481,-0.9925941555042725,0.7649959817301074,5.820978319391123,2.204916030072395e+25,2.64e-25
Higgs,boson,mixed,pi2,9.869604401089358,4.437848724514207,254.2700020321796,-0.27110443893927816,-0.9625499380226562,3.685178675832777,4843.716049744508,3.027322531090317e+25,1.6000000000000002e-22
top,quark,weak,pi2,9.869604401089358,0.9138121638702005,52.35758025747966,0.6107315794935008,0.7918376966332014,1.1389084362748172,13.769191379267722,4.172482236141734e+25,3.3e-25
muon,lepton,weak,epi,23.140692632779263,1.7346219389637216,99.38651615342074,-0.16309378027648966,0.9866105710132667,16.74918461424223,5.612865226160765e+16,2.5548081529516867e+22,2.1969811e-06
tau,lepton,weak,epi,23.140692632779263,0.8333556910268639,47.74776392904755,0.6723956952677577,0.7401918865979205,11.09597171977255,124730229022.9188,4.2965976239379536e+23,2.903e-13
neutron,baryon,weak,epi,23.140692632779263,1.7357945335877423,99.45370087645685,-0.1642505621377649,0.9864186498832168,26.300073716822478,1.9956010180556114e+26,2.2718590824858967e+23,878.4
Lambda,baryon,weak,epi,23.140692632779263,0.944222746177991,54.099978276251264,0.5863726638637976,0.8100414181221067,13.84879890259473,70599057394570.8,2.6977094915770273e+23,2.617e-10
Sigma_plus,baryon,weak,epi,23.140692632779263,4.989472612195756,285.87572267493096,0.27355168579940325,-0.9618573050075071,13.362837396118582,23058836828435.76,2.8758838648585384e+23,8.018e-11
Xi_minus,baryon,weak,epi,23.140692632779263,0.3472572572782664,19.896375247333253,0.9403096588558795,0.34032006326741815,13.719169493736818,52380482397347.77,3.195880561156057e+23,1.639e-10
Omega_minus,baryon,weak,epi,23.140692632779263,5.718532154756422,327.6477574773955,0.8447742572946397,-0.5351228403014487,13.521150664275083,33200961746063.605,4.043966107924921e+23,8.21e-11
Delta_1232,baryon,strong,epi,23.140692632779263,1.0235133458893901,58.64299499477566,0.5203689770878736,0.8539415247454126,0.22225309913704822,1.6682191378992266,2.978962746248619e+23,5.5999999999999996e-24
pi0,meson,electromagnetic,epi,23.140692632779263,4.522441303082787,259.11679976228805,-0.18880751360688366,-0.9820141153800115,6.439541066697468,2751319.756290731,3.2637245033104756e+22,8.43e-17
pi_plus,meson,weak,epi,23.140692632779263,5.9867596318690905,343.0160598653933,0.9563866694613549,-0.29210364338127853,14.943771874719356,878560907002411.5,3.374797015335964e+22,2.6033e-08
K_plus,meson,weak,epi,23.140692632779263,0.7436337219459908,42.60707377111025,0.7360135139990496,0.6769668435091712,15.169617903259415,1477807625730168.0,1.193705675064756e+23,1.238e-08
K_short,meson,weak,epi,23.140692632779263,3.4675745296666287,198.6773856969593,-0.947336748001418,-0.3202391073652591,13.032361426487812,10773614372629.879,1.2032180447431181e+23,8.954e-11
K_long,meson,weak,epi,23.140692632779263,3.5972595210673766,206.10778837041252,-0.8979677653417557,-0.4400612371103977,15.789274872247002,6155663516905793.0,1.2032180447431181e+23,5.116e-08
eta,meson,electromagnetic,epi,23.140692632779263,3.360393598863833,192.53637071767537,-0.9761584169892766,-0.21705931203472845,4.82282926003031,66501.16599178579,1.3247244221471272e+23,5.02e-19
rho_770,meson,strong,epi,23.140692632779263,5.902523462241716,338.1896828633967,0.9284189403638718,-0.37153502011738465,-0.08265966936381419,0.8266855198600702,1.8745703398187536e+23,4.41e-24
omega_782,meson,strong,epi,23.140692632779263,5.3711444836509274,307.74391006817194,0.6121332346863328,-0.7907546414612101,1.1663292053773442,14.666591816628907,1.892463460210182e+23,7.749999999999999e-23
phi_1020,meson,strong,epi,23.140692632779263,1.0029154593525678,57.4628230293264,0.5378467386339656,0.8430426357787646,1.582156678747984,38.208208826239556,2.4650457307251326e+23,1.55e-22
D0,meson,weak,epi,23.140692632779263,1.6218793525985664,92.92684178330816,-0.051060812051248246,0.9986955459361312,11.267197457307917,185010960278.34146,4.509163058209639e+23,4.103e-13
D_plus,meson,weak,epi,23.140692632779263,3.4737097671874246,199.0289089132112,-0.9453541879787362,-0.3260451798003836,11.669317322546195,467000475264.6251,4.5208177663564874e+23,1.033e-12
Ds_plus,meson,weak,epi,23.140692632779263,2.1301533393762395,122.04879606195703,-0.5306413137767465,0.84759648189058,11.377567751184174,238543590127.85135,4.759449124657848e+23,5.012e-13
J_psi,meson,mixed,epi,23.140692632779263,4.585193401515919,262.712230158096,-0.12685287936551004,-0.991921542762672,3.7244148040524654,5301.695785739452,7.488270883812783e+23,7.080000000000001e-21
B_plus,meson,weak,epi,23.140692632779263,0.188657556387658,10.809281754264148,0.9822568825965989,0.18754043988327218,12.320353652430827,2090998168550.197,1.2765556584555537e+24,1.638e-12
B0,meson,weak,epi,23.140692632779263,0.03529242017610587,2.02210672489322,0.9993772871783339,0.035285094191090646,12.287050836244319,1936648644657.1626,1.2766306161220584e+24,1.517e-12
Bs0,meson,weak,epi,23.140692632779263,0.06673956274866587,3.823895272047082,0.997773741910316,0.06669002889702555,12.293879496489762,1967340336858.258,1.297717900302281e+24,1.516e-12
Upsilon_1S,meson,mixed,epi,23.140692632779263,1.6221182745323428,92.94053100174665,-0.051299420862697266,0.9986833178836783,4.445367569337434,27884.802274074773,2.2875145425820157e+24,1.2190000000000001e-20
W,boson,weak,epi,23.140692632779263,3.6299383258184057,207.98014596217857,-0.8831102203475516,-0.4691655770809479,0.7882310922760309,6.140886807441088,1.9433186099497117e+25,3.16e-25
Z,boson,weak,epi,23.140692632779263,3.5229366874641808,201.84940368349632,-0.9281652672686731,-0.372168290745024,0.7649959817301074,5.820978319391123,2.204916030072395e+25,2.64e-25
Higgs,boson,mixed,epi,23.140692632779263,4.404504353625005,252.35951030970946,-0.30304341445775856,-0.9529767515284846,3.685178675832777,4843.716049744508,3.027322531090317e+25,1.6000000000000002e-22
top,quark,weak,epi,23.140692632779263,5.244867175303106,300.50875325156966,0.5076699907608706,-0.861551612197933,1.1389084362748172,13.769191379267722,4.172482236141734e+25,3.3e-25
