particle_a,particle_b,bases_close_count,fraction_of_bases_close,mean_3d_distance,min_3d_distance,max_3d_distance
B0,Bs0,9,1.0,0.09048063665998468,0.03217874892002963,0.20505611943065175
W,Z,9,1.0,0.30542645391673257,0.10944542554021598,0.6848374596413972
B_plus,Bs0,9,1.0,0.3471005373778666,0.12468550714216238,0.7755493550153497
omega_782,top,9,1.0,0.35921557435832885,0.12913821655536797,0.8017227101994379
B_plus,B0,9,1.0,0.43376334264774913,0.15679246190694343,0.9605207158667124
J_psi,Higgs,9,1.0,0.5075065848599531,0.18465989055027388,1.1131054180581073
D0,Ds_plus,7,0.7777777777777778,1.2030332072097505,0.5147912067635319,1.9952565039551071
rho_770,Z,7,0.7777777777777778,1.289440198534611,0.8997454184841162,2.040937388528544
pi_plus,K_long,7,0.7777777777777778,1.2907838230131075,0.892630733114415,2.043378853331978
rho_770,W,7,0.7777777777777778,1.3019753795167832,0.8715271657873275,2.0123668513644524
phi_1020,Z,6,0.6666666666666666,1.3660931118257233,0.8306834244399101,2.072119784699771
Lambda,K_short,6,0.6666666666666666,1.3692340501266993,0.8289696059446661,2.072768385211376
Ds_plus,B0,6,0.6666666666666666,1.386601942917469,0.9192056003749288,2.005360004328609
Ds_plus,Bs0,6,0.6666666666666666,1.4067999523995778,0.9567150245469803,2.0822833012298285
Delta_1232,top,6,0.6666666666666666,1.4078344770903,0.9591095201841123,2.085704272902105
omega_782,W,6,0.6666666666666666,1.4301018574220272,0.5011903066835802,2.028722317106192
eta,Upsilon_1S,6,0.6666666666666666,1.4321964138521455,0.5072559974579269,2.0281914238440497
Z,top,6,0.6666666666666666,1.443725176023605,0.5430359092469065,2.0250081292106468
pi_plus,K_plus,6,0.6666666666666666,1.465708765234876,0.5499507974227863,2.008777992171004
phi_1020,W,6,0.6666666666666666,1.480291181280666,0.7946315256729933,2.0907718455224416
Ds_plus,B_plus,6,0.6666666666666666,1.4848931280968327,0.9969354893845584,2.209952826566809
Delta_1232,omega_782,6,0.6666666666666666,1.4883708620022689,0.9955717031963257,2.2089295284076385
muon,K_long,6,0.6666666666666666,1.5266165744577915,0.9841077423656562,2.142102718509121
Lambda,Xi_minus,5,0.5555555555555556,1.3124064719246267,0.602256864860336,1.9569770579157537
Sigma_plus,Omega_minus,5,0.5555555555555556,1.406465341638562,0.7303838856573911,1.9996570174890158
Xi_minus,Omega_minus,5,0.5555555555555556,1.4172741648239588,0.3833817033440478,2.0096353348892517
tau,D0,5,0.5555555555555556,1.4233645066082592,0.7871033687311922,1.960954774620956
Sigma_plus,Xi_minus,5,0.5555555555555556,1.4935881042256294,0.7505160067630017,2.003683752493164
Omega_minus,B0,5,0.5555555555555556,1.7093860131990737,1.3601125113994121,2.347491453876851
rho_770,omega_782,5,0.5555555555555556,1.7294447826460702,1.2577615158677005,2.356693649157917
omega_782,phi_1020,4,0.4444444444444444,1.3402034812483952,0.42080967197372354,2.038523465261834
D0,D_plus,4,0.4444444444444444,1.3567629452267806,0.4049388724223048,2.0398851754510186
omega_782,Z,4,0.4444444444444444,1.3586145644532073,0.40288407534169257,2.0397932558603635
phi_1020,top,4,0.4444444444444444,1.4222382732033294,0.4617639474130337,2.041214164326051
W,top,4,0.4444444444444444,1.5060206591612686,0.8223950551960801,1.9948653392553444
Sigma_plus,K_short,4,0.4444444444444444,1.532749776172019,0.6893559964894279,1.9631065048899934
Lambda,Omega_minus,4,0.4444444444444444,1.5342369900510364,0.6388801952512547,1.982087160914935
tau,Ds_plus,4,0.4444444444444444,1.544396643907056,0.49151745807381414,1.9767755829584415
D0,B0,4,0.4444444444444444,1.5981800038184093,1.027444124089893,2.218096051479206
D_plus,B0,4,0.4444444444444444,1.603605626649858,0.6768290572453648,2.072229420531225
D0,Bs0,4,0.4444444444444444,1.6037770931447926,1.0402481244761694,2.202228391724136
K_plus,K_long,4,0.4444444444444444,1.6042673281558448,0.6572885898096394,2.0740350318506526
D_plus,Bs0,4,0.4444444444444444,1.6084253611396315,0.6287172100612279,2.078476606841324
Sigma_plus,B_plus,4,0.4444444444444444,1.6243444716804567,1.0450910404205833,2.243464172235025
D0,B_plus,4,0.4444444444444444,1.6469218192482888,1.0816067076088134,2.2603208237426196
Upsilon_1S,Higgs,4,0.4444444444444444,1.6488111053418497,0.8164924565841697,2.1337021388258437
Sigma_plus,Bs0,4,0.4444444444444444,1.689764941179758,1.1521631654067115,2.2547807925265
tau,B_plus,4,0.4444444444444444,1.7058792907018576,1.294340308205668,2.3353231162271797
Xi_minus,pi_plus,4,0.4444444444444444,1.7058869681786877,1.2960142319116212,2.335280683705555
rho_770,top,4,0.4444444444444444,1.7060495066242973,1.2741263553601003,2.335755648788796
Omega_minus,Bs0,4,0.4444444444444444,1.7062320495837984,1.3134602261139472,2.338253858695114
Sigma_plus,B0,4,0.4444444444444444,1.7091489457260594,1.174654311786315,2.2664138387751587
eta,Higgs,4,0.4444444444444444,1.7973837313306005,1.413078996388965,2.2737836952252497
Delta_1232,rho_770,3,0.3333333333333333,1.5328314012505009,0.3154933700385005,2.006731603654995
D_plus,Ds_plus,3,0.3333333333333333,1.5375997711485019,0.35003109142733074,1.9479961226275737
Lambda,Sigma_plus,3,0.3333333333333333,1.596500746040766,0.5060831493844814,2.056978840948779
Omega_minus,K_short,3,0.3333333333333333,1.6058587241205362,0.5000696546576778,2.0581847067104224
tau,D_plus,3,0.3333333333333333,1.6686283378843965,0.8229844380306685,2.042617306905602
D_plus,B_plus,3,0.3333333333333333,1.6790671872272307,0.9618789316700477,2.103286453174785
Delta_1232,Z,3,0.3333333333333333,1.7009174169136727,0.7858225059168241,2.054964001298062
Omega_minus,B_plus,3,0.3333333333333333,1.720337490338423,1.202080043859959,2.3326256821526132
tau,Bs0,3,0.3333333333333333,1.7237884600130617,1.1979498842435716,2.3312995990328322
tau,B0,3,0.3333333333333333,1.732931178531613,1.1950570425378935,2.327293510490612
Lambda,pi_plus,3,0.3333333333333333,1.7574249503387678,1.242824918360179,2.276210543634829
eta,J_psi,3,0.3333333333333333,1.7644679186153678,1.2557266687424593,2.274415170714673
Xi_minus,K_plus,3,0.3333333333333333,1.9636770058127166,1.4975346791473114,2.457039889449287
Delta_1232,W,2,0.2222222222222222,1.6812955755105756,0.9280116269235624,2.037381858850489
K_short,B0,2,0.2222222222222222,1.7073830772778704,0.8521789856834515,2.1343524709038038
K_short,Bs0,2,0.2222222222222222,1.7291428487586389,0.8730181786517633,2.130019275561771
J_psi,Upsilon_1S,2,0.2222222222222222,1.7680299285619963,0.9370705034934739,2.1184874146646835
K_short,B_plus,2,0.2222222222222222,1.777891337955107,0.9745362432605247,2.118519935748999
Lambda,K_plus,2,0.2222222222222222,1.9952810171899824,1.3359131928963313,2.294934994827128
Delta_1232,phi_1020,2,0.2222222222222222,2.0863136484337836,1.3600595589046849,2.418128963738858
Sigma_plus,pi_plus,2,0.2222222222222222,2.1083861802571167,1.5855850597465464,2.5171853401723863
Xi_minus,K_short,1,0.1111111111111111,1.7690950859525738,1.0919402244424812,2.1145336829822576
Xi_minus,B0,1,0.1111111111111111,2.0032533617343184,1.4654348044908556,2.431467526461408
Lambda,B_plus,1,0.1111111111111111,2.0159690382270465,1.597125230752285,2.5142281059864855
Xi_minus,Bs0,1,0.1111111111111111,2.01966646080623,1.4524555390108649,2.420577388840166
Omega_minus,pi_plus,1,0.1111111111111111,2.0260264648720305,1.4475381753264147,2.420957870781789
Lambda,Bs0,1,0.1111111111111111,2.0697798862197465,1.5884739366461997,2.509955920060088
Xi_minus,B_plus,1,0.1111111111111111,2.0742448109914835,1.4077595465098232,2.4404289193401016
Lambda,B0,1,0.1111111111111111,2.0817109254022244,1.5851917896736354,2.531832885294296
K_short,D_plus,1,0.1111111111111111,2.0891929286336204,1.3630579115765293,2.4163174680819277
muon,K_plus,1,0.1111111111111111,2.106847066797988,1.5850806029817421,2.5224731071074324
pi0,eta,0,0.0,2.129512371965672,1.6246135628135188,2.4697504115503506
Omega_minus,K_plus,0,0.0,2.131252391202382,1.6980429301992135,2.5874536953120577
K_short,Ds_plus,0,0.0,2.132880547877457,1.716456917046268,2.595767975908256
rho_770,phi_1020,0,0.0,2.1382101838196785,1.6783361928680756,2.595233980447887
Sigma_plus,D_plus,0,0.0,2.1763193718099263,1.8038485867720726,2.555855819497726
K_short,D0,0,0.0,2.291373842047685,1.8103901118181847,2.6487171846913506
Omega_minus,D_plus,0,0.0,2.2929246858479146,2.0324543232315175,2.588971690925223
Sigma_plus,K_plus,0,0.0,2.30212190073804,1.8068239849718464,2.6898343667371565
muon,pi_plus,0,0.0,2.3022928786414205,1.8054837581174386,2.6901950006547994
pi_plus,K_short,0,0.0,2.3517452459697363,1.971479864130879,2.6981907372929252
Xi_minus,K_long,0,0.0,2.378287286727557,2.1157141578181475,2.8763857774003228
Xi_minus,D_plus,0,0.0,2.3885312583456217,2.0734530763056758,2.86385486785955
tau,K_short,0,0.0,2.395778152460485,1.9640446583748974,2.7717595237254264
Sigma_plus,D0,0,0.0,2.3979892066303914,2.1027737961189343,2.8880525459628386
Lambda,K_long,0,0.0,2.4020629704306438,1.9639793286208491,2.7794667273502163
phi_1020,Higgs,0,0.0,2.412094506375186,2.104836719255253,2.890585305672995
pi0,Upsilon_1S,0,0.0,2.43499287660882,1.99427470634995,2.8242923039804975
Sigma_plus,Ds_plus,0,0.0,2.4364478518610913,1.9853811502619876,2.8180283948241933
K_plus,K_short,0,0.0,2.5150543031086414,2.192703382443284,2.8975771017418297
phi_1020,J_psi,0,0.0,2.5329396249041776,2.1829492586259898,2.8979629042021866
Omega_minus,Ds_plus,0,0.0,2.5377055243131097,2.1807240977104256,2.898038719962886
Lambda,D_plus,0,0.0,2.6583460153380623,2.182556195419837,2.948013827928534
Omega_minus,K_long,0,0.0,2.7404093905040625,2.43709320110454,3.016199398926782
tau,Sigma_plus,0,0.0,2.7410459987224938,2.448461291638074,3.017016803706684
Xi_minus,Ds_plus,0,0.0,2.7418514491976484,2.377868090859065,3.0063181485921215
Omega_minus,D0,0,0.0,2.746524492047598,2.4869742769461385,3.0123264414721453
tau,Omega_minus,0,0.0,2.783122838380543,2.437085115098371,3.1203797666615647
Sigma_plus,K_long,0,0.0,2.783521926438249,2.4393273136940263,3.1223000448804488
Xi_minus,D0,0,0.0,2.7920792055778523,2.488303180808652,3.1570208143159864
Lambda,Ds_plus,0,0.0,2.8019117506904028,2.478014646407944,3.1778251087054867
omega_782,Higgs,0,0.0,2.866588911525466,2.540263308450271,3.2141238714654174
Higgs,top,0,0.0,2.9313014871663787,2.653407628183707,3.227378362285852
omega_782,J_psi,0,0.0,2.9597858190811257,2.645958528538731,3.247092043622427
Lambda,D0,0,0.0,3.00798559288454,2.6049293424798794,3.2597799770719886
pi0,J_psi,0,0.0,3.008790786878813,2.7156145875871918,3.363529133593537
J_psi,top,0,0.0,3.0143120240817574,2.6019510745453776,3.265980934782929
pi_plus,B0,0,0.0,3.028993699411389,2.677162351254925,3.1891868003919592
pi_plus,Bs0,0,0.0,3.034123840687451,2.6743925301331783,3.2091040357674765
tau,Xi_minus,0,0.0,3.044177782603438,2.635227930751559,3.2826291472935876
pi_plus,B_plus,0,0.0,3.0441860106013245,2.63575118390072,3.2821518208582185
tau,Lambda,0,0.0,3.0663835707410723,2.755056518017512,3.394646047851993
pi0,Higgs,0,0.0,3.0696874778164567,2.756883238324125,3.39451304813049
K_short,K_long,0,0.0,3.0752592472331255,2.759957678413443,3.3940563861598334
J_psi,W,0,0.0,3.140100099812807,2.950879491216683,3.4450975635263803
Z,Higgs,0,0.0,3.1449666437790014,2.925097272495239,3.4079961292164365
J_psi,Z,0,0.0,3.147446149571029,2.9631293104564365,3.5330318410600685
muon,Lambda,0,0.0,3.1606612252385804,2.945846533272809,3.4273323919903613
W,Higgs,0,0.0,3.164087364790919,2.946206307596329,3.438053334000148
K_plus,B0,0,0.0,3.17897435180794,2.9492180785331534,3.476680494392132
K_plus,Bs0,0,0.0,3.185685069677814,2.951411118692102,3.4871210353076765
phi_1020,Upsilon_1S,0,0.0,3.1959369301031297,2.927335618470452,3.491828392904377
K_plus,B_plus,0,0.0,3.2023856624404523,2.9014618336614815,3.4742308360964094
muon,Xi_minus,0,0.0,3.2243702925652453,3.0334929691734835,3.630551911228
muon,Omega_minus,0,0.0,3.572295774552384,3.2399052744180223,3.7971453831279947
eta,phi_1020,0,0.0,3.590157512509058,3.2623254271642574,3.8079229156494425
pi_plus,D_plus,0,0.0,3.616603601108949,3.334957705064746,3.828853779455471
omega_782,Upsilon_1S,0,0.0,3.6185071249866616,3.3450603753630035,3.827946511653939
Upsilon_1S,top,0,0.0,3.628772043497987,3.308020390226673,3.8347871905543505
muon,Sigma_plus,0,0.0,3.743689563436225,3.565578662138588,3.931752162911018
K_long,B0,0,0.0,3.837133821466916,3.513346526309274,4.033035820323042
Delta_1232,J_psi,0,0.0,3.8371661473933454,3.5132224559155123,4.032983031060809
K_plus,D_plus,0,0.0,3.8381283319119697,3.509594835803253,4.031389411668895
K_long,Bs0,0,0.0,3.840598694838173,3.500755434525654,4.027027669082742
pi_plus,Ds_plus,0,0.0,3.8424549029840125,3.588611425215886,4.083787698374923
Delta_1232,Higgs,0,0.0,3.8475914027615286,3.466862843366139,3.9989179582077687
K_long,B_plus,0,0.0,3.8481507919850717,3.4698117077180615,4.003557373719774
K_plus,D0,0,0.0,4.002659286637397,3.903460452537473,4.261395792441724
eta,omega_782,0,0.0,4.020169088546666,3.763034685531493,4.167665723940562
Upsilon_1S,W,0,0.0,4.02128245551068,3.766476945698326,4.168288332054202
pi_plus,D0,0,0.0,4.050071050083034,3.8793085842149924,4.179800523076446
Upsilon_1S,Z,0,0.0,4.054445048455681,3.8979455561194714,4.185600943557193
eta,top,0,0.0,4.058155502427079,3.915434680223973,4.19037602793266
tau,pi_plus,0,0.0,4.059035336888234,3.9290916104686566,4.301745575310082
rho_770,J_psi,0,0.0,4.076308204967917,3.9423904963948018,4.293352405654417
muon,K_short,0,0.0,4.076751819051447,3.9217061172756003,4.218124209460915
rho_770,Higgs,0,0.0,4.077200127607172,3.772229756701326,4.264490936404938
K_plus,Ds_plus,0,0.0,4.077243760740523,3.8926055340024566,4.287134749836747
eta,W,0,0.0,4.168997245423551,4.0404273961249695,4.462659397486968
eta,Z,0,0.0,4.234427699713893,4.061080281424786,4.52216452908431
tau,K_plus,0,0.0,4.271816626753525,4.07463346341371,4.537867620260934
K_long,D_plus,0,0.0,4.338651564005221,4.121807291190544,4.578964481836317
Delta_1232,Upsilon_1S,0,0.0,4.452049995188685,4.227001139918427,4.672640176832353
K_long,Ds_plus,0,0.0,4.636077292894811,4.424809052733713,4.84086803586016
muon,B_plus,0,0.0,4.663204888154062,4.465025988057717,4.851018194374412
muon,Bs0,0,0.0,4.710069677109319,4.4617701316950855,4.882138786684051
muon,B0,0,0.0,4.722098916840514,4.464798258177508,4.889241513574164
K_long,D0,0,0.0,4.806068282288546,4.524189323005066,4.9426685826531385
rho_770,Upsilon_1S,0,0.0,4.812038260902132,4.53558717801417,4.946928279823236
Delta_1232,eta,0,0.0,4.8839256877007315,4.601372460171329,5.013497397705751
pi0,D0,0,0.0,4.936053058409086,4.83326376894592,5.220004898658858
tau,pi0,0,0.0,4.952294141792125,4.762053176066755,5.063879446807292
tau,K_long,0,0.0,4.969187445723687,4.750694440412668,5.094666288323325
pi0,phi_1020,0,0.0,4.991418089568521,4.886347917471664,5.2395650238875096
eta,rho_770,0,0.0,5.095022016912787,4.922937167782757,5.294744004262361
pi0,Ds_plus,0,0.0,5.143587664077965,4.942537841823972,5.294292061236345
muon,D_plus,0,0.0,5.252656601642951,5.104080284278012,5.396405895155606
pi0,D_plus,0,0.0,5.401986283942282,5.232006186097238,5.597815782787995
pi0,omega_782,0,0.0,5.487076530449675,5.33711997270133,5.638710299843615
pi0,top,0,0.0,5.536972733997846,5.3475506927437895,5.625931037663639
muon,Ds_plus,0,0.0,5.588509326554884,5.385971020145429,5.7262887794259445
muon,D0,0,0.0,5.655542034824206,5.4831451395509285,5.834816427475606
pi0,W,0,0.0,5.776901346206899,5.651866128391317,5.939912369030101
muon,tau,0,0.0,5.779092797512698,5.6542213839084345,5.9446842675763785
pi0,Z,0,0.0,5.808998322339535,5.689516893877419,5.993038326884019
pi0,B0,0,0.0,6.028873162799815,5.848835267213104,6.176043575845141
pi0,Bs0,0,0.0,6.0337079101203415,5.854894439082082,6.185279652775732
pi0,B_plus,0,0.0,6.054138285602544,5.904702073415346,6.207578403296257
Delta_1232,pi0,0,0.0,6.433997784256316,6.337619838269841,6.530950388604946
tau,eta,0,0.0,6.44769401348358,6.27403081665806,6.575081824683185
eta,D0,0,0.0,6.58703075735385,6.448625485472845,6.746562959276481
pi0,rho_770,0,0.0,6.67838907766385,6.523171751982772,6.820533420347463
eta,Ds_plus,0,0.0,6.727530184274981,6.5799204581339765,6.844521082659174
pi0,K_short,0,0.0,6.7728699291425505,6.621239042206721,6.8884017107865105
tau,Upsilon_1S,0,0.0,6.816598857450049,6.675417043350713,6.904090578655087
eta,D_plus,0,0.0,6.954865125061528,6.847424742928548,7.116262433411403
D0,Upsilon_1S,0,0.0,6.960442272294892,6.821829892154382,7.102940407881771
Sigma_plus,pi0,0,0.0,6.982914074237647,6.923301202916185,7.147321016618722
Ds_plus,Upsilon_1S,0,0.0,6.994510761959057,6.9344356893603765,7.171100178294508
Omega_minus,pi0,0,0.0,7.189066306123444,7.09974752579354,7.356993636139353
D_plus,Upsilon_1S,0,0.0,7.360669176484688,7.223967637347373,7.493216192371593
Xi_minus,pi0,0,0.0,7.415224022217848,7.316933282755536,7.4994183924907025
tau,J_psi,0,0.0,7.548912890199601,7.373413480371596,7.637667245738577
Lambda,pi0,0,0.0,7.597998222283047,7.418869333872192,7.668823796676613
tau,Higgs,0,0.0,7.5995182516143736,7.421542920160752,7.671921411056919
eta,B0,0,0.0,7.631390670794058,7.464741541239771,7.727396855456263
eta,Bs0,0,0.0,7.633924333943217,7.473081218634412,7.73362718075691
eta,B_plus,0,0.0,7.646449180245862,7.514415168464124,7.759679765994636
D0,J_psi,0,0.0,7.6933661688658965,7.551068392500235,7.801401860277346
D0,Higgs,0,0.0,7.759447942137825,7.582026562855592,7.841363357422146
Ds_plus,J_psi,0,0.0,7.856409918102132,7.725266350362194,7.895727896303495
Ds_plus,Higgs,0,0.0,7.873509413623241,7.775705660312117,7.94632571198377
B0,Upsilon_1S,0,0.0,7.937195480714995,7.847801080638734,8.091508569763027
Bs0,Upsilon_1S,0,0.0,7.940152314512583,7.86127194863564,8.092050773051168
B_plus,Upsilon_1S,0,0.0,7.950590776943914,7.890626639094382,8.052879619142834
D_plus,J_psi,0,0.0,7.998720520099962,7.9451290354003685,8.165874762030015
D_plus,Higgs,0,0.0,8.052162837528325,7.984159894089436,8.229586861755665
K_short,eta,0,0.0,8.335856974817466,8.210231126519407,8.449233700659255
pi0,pi_plus,0,0.0,8.662012266757879,8.529310164104771,8.736202551706754
Sigma_plus,eta,0,0.0,8.695710719303266,8.58029240369171,8.76748994056179
J_psi,B0,0,0.0,8.716032493147233,8.564441939536323,8.788670870485518
J_psi,Bs0,0,0.0,8.722329916102186,8.569514458883685,8.79806664428515
K_short,Upsilon_1S,0,0.0,8.738893859586575,8.604530654853901,8.816223993311757
J_psi,B_plus,0,0.0,8.747448382724892,8.633265229040337,8.8221805462051
B0,Higgs,0,0.0,8.753087522300397,8.65549257317948,8.824928297497035
Bs0,Higgs,0,0.0,8.759479937296875,8.673666530271246,8.826942989787717
B_plus,Higgs,0,0.0,8.782026028506031,8.664921638996892,8.827766693931302
Omega_minus,eta,0,0.0,8.810987231859162,8.70017567859872,8.925260610399176
pi0,K_plus,0,0.0,8.819531952761492,8.730077905306562,8.948331041226766
Xi_minus,eta,0,0.0,9.019404157382915,8.902434578204174,9.117866545968837
Sigma_plus,Upsilon_1S,0,0.0,9.034245493152866,8.919645911063379,9.136619989322678
Lambda,eta,0,0.0,9.109559126001317,9.026555717087614,9.217622647788042
Omega_minus,Upsilon_1S,0,0.0,9.176281629273662,9.088031407162397,9.28251915304922
Xi_minus,Upsilon_1S,0,0.0,9.410577304116332,9.343632770302397,9.458994972028162
K_short,J_psi,0,0.0,9.446483763097575,9.321119386838376,9.517370832095708
K_short,Higgs,0,0.0,9.474326145014054,9.352557241968146,9.55769565188853
pi0,K_long,0,0.0,9.475869695491403,9.3570312402533,9.559571760516247
Lambda,Upsilon_1S,0,0.0,9.513244140911585,9.403480598280309,9.610052345951038
tau,phi_1020,0,0.0,9.61578576573826,9.515322292658487,9.72137576153841
muon,neutron,0,0.0,9.632330263201878,9.550889174561926,9.752851554147595
Sigma_plus,J_psi,0,0.0,9.71038773304472,9.639096247942964,9.819309700750434
Sigma_plus,Higgs,0,0.0,9.7796197431586,9.694824344989163,9.879896659672655
phi_1020,D0,0,0.0,9.792997058222502,9.704177183773147,9.888679003391319
phi_1020,Ds_plus,0,0.0,9.911417748689262,9.827205614405727,9.994414923381415
Omega_minus,J_psi,0,0.0,9.912019291004956,9.82564129600499,9.994994251015347
Omega_minus,Higgs,0,0.0,9.930493932858376,9.844292207381688,9.998108260298059
tau,omega_782,0,0.0,9.994373517429231,9.93000092405757,10.128724971904273
tau,top,0,0.0,10.01489358288337,9.957459744000724,10.154699147916766
Xi_minus,J_psi,0,0.0,10.049949907204661,9.994809022158694,10.191965478063118
Xi_minus,Higgs,0,0.0,10.10396084130317,10.034291428146267,10.221778337163215
phi_1020,D_plus,0,0.0,10.200146060447546,10.10164863875004,10.283371912446398
omega_782,D0,0,0.0,10.224291065171421,10.120076219700987,10.291356487254962
pi_plus,eta,0,0.0,10.255645033077812,10.148087322565782,10.307018348145112
Lambda,J_psi,0,0.0,10.260418281678266,10.153003381228197,10.314284448221326
D0,top,0,0.0,10.265600652549507,10.158619507151423,10.321341920307802
Lambda,Higgs,0,0.0,10.301261306063823,10.211082584317603,10.35646260316297
omega_782,Ds_plus,0,0.0,10.329080320738399,10.223050365166795,10.404973595815518
Ds_plus,top,0,0.0,10.346767993149195,10.238792168044522,10.43213411241617
tau,W,0,0.0,10.417227670814029,10.32153538178712,10.494363295227219
muon,pi0,0,0.0,10.419343337530652,10.3226990652743,10.495946571386026
tau,Z,0,0.0,10.441736131978924,10.337080008332748,10.514591802254722
K_plus,eta,0,0.0,10.456118021637723,10.349391279216476,10.538157879907084
D0,W,0,0.0,10.564997132556968,10.49021667204822,10.667300299939827
pi_plus,Upsilon_1S,0,0.0,10.59345014785679,10.523048211272926,10.687206952170703
D0,Z,0,0.0,10.59928560107343,10.524967910277166,10.69093281733343
omega_782,D_plus,0,0.0,10.600501623244911,10.524749954844355,10.691698036472214
neutron,K_long,0,0.0,10.612665784508323,10.52370178787603,10.699172413774635
D_plus,top,0,0.0,10.643162424366325,10.531066326059216,10.716954629251148
Ds_plus,W,0,0.0,10.720009948148608,10.641837383922477,10.774477061312414
Ds_plus,Z,0,0.0,10.742527345553826,10.688373420574667,10.792073849694413
phi_1020,B0,0,0.0,10.821878529415681,10.745242743485631,10.888210599797409
phi_1020,Bs0,0,0.0,10.827221772320362,10.749663340899783,10.89298389399341
K_plus,Upsilon_1S,0,0.0,10.836265077154604,10.75287778667058,10.901808422755346
phi_1020,B_plus,0,0.0,10.844906353816235,10.753731123624158,10.918955592886508
tau,Delta_1232,0,0.0,10.911538769789505,10.875376211606403,11.03033875068124
D_plus,W,0,0.0,10.920567699616603,10.882205443300506,11.033822375807361
D_plus,Z,0,0.0,10.95367380201666,10.904432433837881,11.043554130356389
K_long,eta,0,0.0,11.0478493804708,10.967988023697496,11.14652105640726
Delta_1232,D0,0,0.0,11.113443979103632,11.048529926922892,11.216533023696755
omega_782,B0,0,0.0,11.180490879519972,11.126577619897517,11.280064478561666
omega_782,Bs0,0,0.0,11.18883056769122,11.129723993766849,11.282873004737349
neutron,K_plus,0,0.0,11.192449001495644,11.131599826445706,11.287880605109894
B0,top,0,0.0,11.215005614134865,11.150068759352555,11.316270355136082
omega_782,B_plus,0,0.0,11.222573345118114,11.155188500764845,11.324858815446772
Bs0,top,0,0.0,11.223788732803435,11.15603018371248,11.326199105822
Delta_1232,Ds_plus,0,0.0,11.224229606252488,11.156336909517023,11.326682683527247
tau,rho_770,0,0.0,11.253436477920335,11.17867827772381,11.355941051070603
B_plus,top,0,0.0,11.256824666139849,11.181578144580236,11.358890116588125
pi_plus,J_psi,0,0.0,11.29906224208959,11.224850587807259,11.388482553813466
pi_plus,Higgs,0,0.0,11.340191656399707,11.268558285971492,11.418218074053646
K_long,Upsilon_1S,0,0.0,11.45005524763056,11.36789255205242,11.509258520091967
rho_770,D0,0,0.0,11.457984000818733,11.37925058748789,11.518497011504573
neutron,pi_plus,0,0.0,11.466364390971147,11.392031159013204,11.527701718239532
K_plus,J_psi,0,0.0,11.553247604266106,11.445901824837767,11.618436035020288
Delta_1232,D_plus,0,0.0,11.554792667034693,11.448172484560864,11.620194738796272
K_short,phi_1020,0,0.0,11.557428089631692,11.45193081429717,11.623135617142458
rho_770,Ds_plus,0,0.0,11.56615387727709,11.464817360151663,11.632296895756003
K_plus,Higgs,0,0.0,11.590187668453448,11.488252615315035,11.656877487985998
B0,W,0,0.0,11.606901889542504,11.49961424087442,11.671452373673185
Bs0,W,0,0.0,11.615465898554168,11.510639573112247,11.678128522823634
B0,Z,0,0.0,11.637363180652635,11.549074985815453,11.693527090757149
Bs0,Z,0,0.0,11.646853371525019,11.54949393704723,11.699671372669224
B_plus,W,0,0.0,11.651393844613684,11.549956302196444,11.70253189209819
B_plus,Z,0,0.0,11.683654838609092,11.558904938124508,11.726281876465908
rho_770,D_plus,0,0.0,11.837284913972397,11.754547645707806,11.916326578026784
Sigma_plus,phi_1020,0,0.0,11.869620317957049,11.805901715752363,11.948657207759842
K_short,omega_782,0,0.0,11.93727187595332,11.873160392969355,12.022634609426238
K_short,top,0,0.0,11.952404292648966,11.89588346126007,12.060302097247177
muon,eta,0,0.0,11.97526044426538,11.92640134522373,12.090474079469065
Omega_minus,phi_1020,0,0.0,11.986068428715928,11.939085473213746,12.105207663846393
Delta_1232,B0,0,0.0,12.112237718657065,12.071571034190232,12.157858131862577
K_long,J_psi,0,0.0,12.11230136650202,12.071646182876645,12.157767080170366
Delta_1232,Bs0,0,0.0,12.119311190374605,12.07987194253872,12.17043349397701
Delta_1232,B_plus,0,0.0,12.149403175082195,12.113302135959675,12.222160800463087
K_long,Higgs,0,0.0,12.156958109916117,12.114877594446332,12.233305577735946
Xi_minus,phi_1020,0,0.0,12.203523503500072,12.14162251616301,12.288891543045812
Sigma_plus,omega_782,0,0.0,12.293535970613107,12.202406550903696,12.358997155307033
Sigma_plus,top,0,0.0,12.325667011830769,12.226582180970897,12.38633735724196
K_short,W,0,0.0,12.343308578149438,12.245204440163569,12.394430231078935
Lambda,phi_1020,0,0.0,12.358251444076608,12.26678259747217,12.402566671193837
K_short,Z,0,0.0,12.358679275540522,12.267490335883512,12.403619072553415
muon,Upsilon_1S,0,0.0,12.380410113348388,12.304330847490384,12.454091307341903
Omega_minus,omega_782,0,0.0,12.428500848762623,12.357600455370733,12.514943144942984
rho_770,B0,0,0.0,12.447818166442751,12.369753742253494,12.530341997001194
rho_770,Bs0,0,0.0,12.457222011064324,12.376765104370442,12.537087749017994
Omega_minus,top,0,0.0,12.465250566799568,12.383333609079866,12.542527740937778
rho_770,B_plus,0,0.0,12.49492945082021,12.407239228957522,12.56217950659474
neutron,Lambda,0,0.0,12.555879507648104,12.454507728815544,12.61007583641186
Xi_minus,omega_782,0,0.0,12.64108949404994,12.55938830428892,12.70785707723725
Sigma_plus,W,0,0.0,12.662098064559668,12.577890072110248,12.73255938109479
Xi_minus,top,0,0.0,12.667841545692417,12.581951061877728,12.737473962756521
neutron,Xi_minus,0,0.0,12.668499928344396,12.58244582381523,12.737993837616944
Sigma_plus,Z,0,0.0,12.686036077757127,12.597931943333473,12.748880180686053
Lambda,omega_782,0,0.0,12.762148961462477,12.700792671050397,12.839034468037408
Lambda,top,0,0.0,12.783176111893502,12.718781609569653,12.859792608916798
Omega_minus,W,0,0.0,12.802941459232192,12.736399106780022,12.870644194685289
Omega_minus,Z,0,0.0,12.826175560803293,12.756680600932137,12.88929595280153
neutron,Omega_minus,0,0.0,12.851778981302255,12.779079928134756,12.930798406817082
Delta_1232,K_short,0,0.0,12.887859443117627,12.813800693716964,12.965274913900375
Xi_minus,W,0,0.0,12.980332041228808,12.930977646395712,13.08393270389976
neutron,Sigma_plus,0,0.0,12.985410461052819,12.937434684412965,13.090436723900556
Xi_minus,Z,0,0.0,13.001241576810006,12.954499996019324,13.107610368916822
muon,J_psi,0,0.0,13.096699905228721,13.024902521929567,13.17423741005802
Lambda,W,0,0.0,13.146109705971028,13.066044430872758,13.212767158560789
muon,Higgs,0,0.0,13.150317147370055,13.070111578380452,13.21603422658589
Lambda,Z,0,0.0,13.172383340549736,13.09415159927578,13.233797569726855
K_short,rho_770,0,0.0,13.201029277668795,13.13406759276026,13.26002843799048
Sigma_plus,Delta_1232,0,0.0,13.222463164448172,13.148580620628257,13.289909414681714
neutron,K_short,0,0.0,13.367349617594684,13.275793308259985,13.417303914723217
Omega_minus,Delta_1232,0,0.0,13.398274099930209,13.341148199979967,13.427682593149848
pi_plus,phi_1020,0,0.0,13.447559274308787,13.367777688369847,13.509897134807973
Sigma_plus,rho_770,0,0.0,13.521368924844317,13.447903566428206,13.592692822158252
Xi_minus,Delta_1232,0,0.0,13.56025623217412,13.505590664399476,13.644280002594424
K_plus,phi_1020,0,0.0,13.640471508566057,13.587815432242405,13.723142402601844
Omega_minus,rho_770,0,0.0,13.663358132491966,13.605051010618768,13.735104084602215
Lambda,Delta_1232,0,0.0,13.698284360021582,13.62677637006492,13.76106435204843
pi_plus,omega_782,0,0.0,13.840519519741584,13.785418388695724,13.92115614169523
Xi_minus,rho_770,0,0.0,13.854134705175417,13.804262420471531,13.936392211009482
pi_plus,top,0,0.0,13.856136958304319,13.809282652065125,13.937614763790297
Lambda,rho_770,0,0.0,13.977632236156722,13.931640271540983,14.071343336885311
neutron,B_plus,0,0.0,14.028127465526902,13.980299983879219,14.12176618759722
K_plus,omega_782,0,0.0,14.056948047472297,14.003303943041358,14.144943718479494
neutron,Bs0,0,0.0,14.060744560028887,14.006248286705823,14.147209745493319
neutron,B0,0,0.0,14.069862728669825,14.013261643013221,14.151534650274282
K_plus,top,0,0.0,14.094537457879763,14.032032060368353,14.164149626313154
pi_plus,W,0,0.0,14.24208924888587,14.15632181482835,14.295154407240434
pi_plus,Z,0,0.0,14.260979643420844,14.192467430840615,14.318579528625055
K_long,phi_1020,0,0.0,14.285974382119257,14.207637103202455,14.339173269677337
K_plus,W,0,0.0,14.439205260009333,14.381817669300894,14.518018888579736
K_plus,Z,0,0.0,14.458418616476227,14.405517651795575,14.542581295438854
K_long,omega_782,0,0.0,14.717474872297535,14.624126109242404,14.75142866948958
neutron,D_plus,0,0.0,14.722811514632822,14.630837604286189,14.760242079331633
K_long,top,0,0.0,14.736536360901166,14.66380058984624,14.78494890541492
Delta_1232,pi_plus,0,0.0,14.787993576633788,14.733542865005063,14.852608569430549
neutron,Ds_plus,0,0.0,14.986839109976465,14.922591788116485,15.049344738931643
Delta_1232,K_plus,0,0.0,15.011997755745641,14.94880264462152,15.079899458471985
K_long,W,0,0.0,15.049423372933976,15.001045213559783,15.131580903330937
K_long,Z,0,0.0,15.064376941998177,15.024462636690883,15.14547358074744
pi_plus,rho_770,0,0.0,15.065901789398923,15.02666751101184,15.14643040270591
neutron,D0,0,0.0,15.07066703750205,15.033307396430695,15.148991080877426
muon,phi_1020,0,0.0,15.222039527986384,15.16703323345986,15.298242909785138
tau,neutron,0,0.0,15.258302028160122,15.204201112928233,15.335019397756724
K_plus,rho_770,0,0.0,15.30563605919335,15.252709523753719,15.352544727947253
Delta_1232,K_long,0,0.0,15.65497730273894,15.567072096895004,15.694960183120996
muon,omega_782,0,0.0,15.667419447484898,15.585514041851155,15.710014575500725
muon,top,0,0.0,15.686800586332092,15.614201910676504,15.73379528288329
K_long,rho_770,0,0.0,15.916609204325608,15.873635997366753,15.994799849354608
muon,W,0,0.0,15.990879001308079,15.960967090269804,16.066916423456377
muon,Z,0,0.0,16.01649334467687,15.984497105115194,16.10850877036789
muon,Delta_1232,0,0.0,16.58326655822376,16.53046541276887,16.646648299640958
muon,rho_770,0,0.0,16.8731447347649,16.837764318929093,16.94840555755149
neutron,pi0,0,0.0,19.886706287013194,19.86113967742337,19.957857794410423
neutron,eta,0,0.0,21.53261394182166,21.484843929035893,21.569692203435608
neutron,Upsilon_1S,0,0.0,21.896515703485314,21.8550014682067,21.941170942693354
neutron,J_psi,0,0.0,22.62533342657914,22.575683326832948,22.662206508860674
neutron,Higgs,0,0.0,22.66802947119418,22.619430621699625,22.70305662374575
neutron,phi_1020,0,0.0,24.738761785724538,24.718739484313165,24.76642614784046
neutron,omega_782,0,0.0,25.181100143249303,25.134136319971017,25.213149112944038
neutron,top,0,0.0,25.210914691228304,25.16283901823263,25.240108338600344
neutron,W,0,0.0,25.549074927155434,25.512924293079667,25.590009376596765
neutron,Z,0,0.0,25.570372943445413,25.535131834209963,25.612337166598028
neutron,Delta_1232,0,0.0,26.115015799725597,26.079438777737433,26.152859689888338
neutron,rho_770,0,0.0,26.421362016204895,26.384864078417294,26.457573588480457
